Well_id,titer,dcm,yield,Yeast_extract_source,Yeast_extract,Glycerol,Tryptone,Magnesium_sulfate,pH,Buffer_capacity,Osmolality,Category,Run_number,Replicate,Dipotassium_phosphate,Potassium_phosphate,Sodium_chloride,Well_bottom,Well_volume,Well_fill_volume,Well_cover,Shake_speed,Temperature,Time,Inoculum_amount,Inoculum_age,Antibiotic_conc,Flask_baffles,Flask_volume,Flask_fill_volume,Flask_cover,Exp_number,Random,Plate,Exp_plate,Row,Column,Well,Starter_culture,Exp_date,Plate_streak_date,Media_number,Strain
e26-1-1-1-E4,4.159806861326675,8.610271515500001,0.4831214502165574,1,24,5,12,0.12,7.2,90,750,Exp,1,1,12.7,2.2799999999999998,6.63,Round,2.5,0.1,Foil,230,30,48,0.01,16,2.5000000000000001E-2,"NA","NA","NA","NA",e26,13,1,1,E,4,E4,8,2017-10-10T00:00:00Z,2017-10-04T00:00:00Z,"NA","NA"
e26-10-1-1-D4,3.762540750367558,8.3214643805,0.4521488740833237,1,24,5,12,0.12,7.2,90,750,Exp,10,1,12.7,2.2799999999999998,6.63,Pyramidal,2.5,0.1,Aeraseal,230,30,48,0.01,16,2.5000000000000001E-2,"NA","NA","NA","NA",e26,36,1,2,D,4,D4,8,2017-10-10T00:00:00Z,2017-10-04T00:00:00Z,"NA","NA"
e26-11-1-1-C8,15.811272666033858,9.302065350500001,1.6997593620629612,1,24,5,12,0.12,7.2,90,750,Exp,11,1,12.7,2.2799999999999998,6.63,Round,10,0.1,Aeraseal,230,30,48,0.01,16,2.5000000000000001E-2,"NA","NA","NA","NA",e26,27,1,3,C,8,C8,8,2017-10-10T00:00:00Z,2017-10-04T00:00:00Z,"NA","NA"
e26-12-1-1-B5,9.756221115098914,10.870355257999998,0.8975071084193738,1,24,5,12,0.12,7.2,90,750,Exp,12,1,12.7,2.2799999999999998,6.63,Pyramidal,10,0.1,Aeraseal,230,30,48,0.01,16,2.5000000000000001E-2,"NA","NA","NA","NA",e26,7,1,4,B,5,B5,8,2017-10-10T00:00:00Z,2017-10-04T00:00:00Z,"NA","NA"
e26-13-1-1-D3,4.264092909327449,9.930052958000001,0.42941290719825875,1,24,5,12,0.12,7.2,90,750,Exp,13,1,12.7,2.2799999999999998,6.63,Round,2.5,0.1,Aeraseal,460,30,48,0.01,16,2.5000000000000001E-2,"NA","NA","NA","NA",e26,34,1,5,D,3,D3,8,2017-10-10T00:00:00Z,2017-10-04T00:00:00Z,"NA","NA"
e26-14-1-1-C6,5.664908127899995,10.571473455500001,0.5358674125935323,1,24,5,12,0.12,7.2,90,750,Exp,14,1,12.7,2.2799999999999998,6.63,Pyramidal,2.5,0.1,Aeraseal,460,30,48,0.01,16,2.5000000000000001E-2,"NA","NA","NA","NA",e26,25,1,6,C,6,C6,8,2017-10-10T00:00:00Z,2017-10-04T00:00:00Z,"NA","NA"
e26-15-1-1-C10,5.489655999369607,11.179311728,0.4910549175956932,1,24,5,12,0.12,7.2,90,750,Exp,15,1,12.7,2.2799999999999998,6.63,Round,10,0.1,Aeraseal,460,30,48,0.01,16,2.5000000000000001E-2,"NA","NA","NA","NA",e26,31,1,7,C,10,C10,8,2017-10-10T00:00:00Z,2017-10-04T00:00:00Z,"NA","NA"
e26-16-1-1-C4,4.822777496460279,10.705802355500001,0.4504825828381396,1,24,5,12,0.12,7.2,90,750,Exp,16,1,12.7,2.2799999999999998,6.63,Pyramidal,10,0.1,Aeraseal,460,30,48,0.01,16,2.5000000000000001E-2,"NA","NA","NA","NA",e26,22,1,8,C,4,C4,8,2017-10-10T00:00:00Z,2017-10-04T00:00:00Z,"NA","NA"
e26-17-5-1-E6,1.086138796767795,4.570329847999999,0.23764997995562512,1,24,5,12,0.12,7.2,90,750,Exp,17,5,12.7,2.2799999999999998,6.63,Round,2.5,0.3,Foil,230,30,48,0.01,16,2.5000000000000001E-2,"NA","NA","NA","NA",e26,16,1,1,E,6,E6,8,2017-10-10T00:00:00Z,2017-10-04T00:00:00Z,"NA","NA"
e26-18-1-1-E8,1.325126471290782,5.060630332999999,0.2618500827159276,1,24,5,12,0.12,7.2,90,750,Exp,18,1,12.7,2.2799999999999998,6.63,Pyramidal,2.5,0.3,Foil,230,30,48,0.01,16,2.5000000000000001E-2,"NA","NA","NA","NA",e26,24,1,2,E,8,E8,8,2017-10-10T00:00:00Z,2017-10-04T00:00:00Z,"NA","NA"
e26-19-1-1-E9,10.331993293764718,8.5834057355,1.2037172204306685,1,24,5,12,0.12,7.2,90,750,Exp,19,1,12.7,2.2799999999999998,6.63,Round,10,0.3,Foil,230,30,48,0.01,16,2.5000000000000001E-2,"NA","NA","NA","NA",e26,28,1,3,E,9,E9,8,2017-10-10T00:00:00Z,2017-10-04T00:00:00Z,"NA","NA"
e26-2-1-1-F5,2.1438285560477945,6.3770535530000005,0.3361785404858736,1,24,5,12,0.12,7.2,90,750,Exp,2,1,12.7,2.2799999999999998,6.63,Pyramidal,2.5,0.1,Foil,230,30,48,0.01,16,2.5000000000000001E-2,"NA","NA","NA","NA",e26,35,1,2,F,5,F5,8,2017-10-10T00:00:00Z,2017-10-04T00:00:00Z,"NA","NA"
e26-20-1-1-F4,10.483432961593328,8.784899085500001,1.1933469991586878,1,24,5,12,0.12,7.2,90,750,Exp,20,1,12.7,2.2799999999999998,6.63,Pyramidal,10,0.3,Foil,230,30,48,0.01,16,2.5000000000000001E-2,"NA","NA","NA","NA",e26,33,1,4,F,4,F4,8,2017-10-10T00:00:00Z,2017-10-04T00:00:00Z,"NA","NA"
e26-21-1-1-E7,8.874847838849877,8.761391528,1.0129495766154597,1,24,5,12,0.12,7.2,90,750,Exp,21,1,12.7,2.2799999999999998,6.63,Round,2.5,0.3,Foil,460,30,48,0.01,16,2.5000000000000001E-2,"NA","NA","NA","NA",e26,19,1,5,E,7,E7,8,2017-10-10T00:00:00Z,2017-10-04T00:00:00Z,"NA","NA"
e26-22-1-1-F6,11.305571612550349,9.1946022305,1.2295878961514963,1,24,5,12,0.12,7.2,90,750,Exp,22,1,12.7,2.2799999999999998,6.63,Pyramidal,2.5,0.3,Foil,460,30,48,0.01,16,2.5000000000000001E-2,"NA","NA","NA","NA",e26,40,1,6,F,6,F6,8,2017-10-10T00:00:00Z,2017-10-04T00:00:00Z,"NA","NA"
e26-23-1-1-D9,6.849955079726472,9.6244547105,0.711723966268278,1,24,5,12,0.12,7.2,90,750,Exp,23,1,12.7,2.2799999999999998,6.63,Round,10,0.3,Foil,460,30,48,0.01,16,2.5000000000000001E-2,"NA","NA","NA","NA",e26,6,1,7,D,9,D9,8,2017-10-10T00:00:00Z,2017-10-04T00:00:00Z,"NA","NA"
e26-24-1-1-F3,6.482336719250647,10.111396973,0.6410920999897576,1,24,5,12,0.12,7.2,90,750,Exp,24,1,12.7,2.2799999999999998,6.63,Pyramidal,10,0.3,Foil,460,30,48,0.01,16,2.5000000000000001E-2,"NA","NA","NA","NA",e26,32,1,8,F,3,F3,8,2017-10-10T00:00:00Z,2017-10-04T00:00:00Z,"NA","NA"
e26-25-1-1-B3,2.149986884173812,7.7472083330000014,0.27751762851345174,1,24,5,12,0.12,7.2,90,750,Exp,25,1,12.7,2.2799999999999998,6.63,Round,2.5,0.3,Aeraseal,230,30,48,0.01,16,2.5000000000000001E-2,"NA","NA","NA","NA",e26,1,1,1,B,3,B3,8,2017-10-10T00:00:00Z,2017-10-04T00:00:00Z,"NA","NA"
e26-26-1-1-B10,1.0021412557121456,4.1136115879999995,0.24361591615395506,1,24,5,12,0.12,7.2,90,750,Exp,26,1,12.7,2.2799999999999998,6.63,Pyramidal,2.5,0.3,Aeraseal,230,30,48,0.01,16,2.5000000000000001E-2,"NA","NA","NA","NA",e26,20,1,2,B,10,B10,8,2017-10-10T00:00:00Z,2017-10-04T00:00:00Z,"NA","NA"
e26-27-1-1-C7,9.935529374636243,8.116612808000001,1.2240979839328365,1,24,5,12,0.12,7.2,90,750,Exp,27,1,12.7,2.2799999999999998,6.63,Round,10,0.3,Aeraseal,230,30,48,0.01,16,2.5000000000000001E-2,"NA","NA","NA","NA",e26,26,1,3,C,7,C7,8,2017-10-10T00:00:00Z,2017-10-04T00:00:00Z,"NA","NA"
e26-28-1-1-B8,13.981616164013115,9.386020913000001,1.4896212456386109,1,24,5,12,0.12,7.2,90,750,Exp,28,1,12.7,2.2799999999999998,6.63,Pyramidal,10,0.3,Aeraseal,230,30,48,0.01,16,2.5000000000000001E-2,"NA","NA","NA","NA",e26,12,1,4,B,8,B8,8,2017-10-10T00:00:00Z,2017-10-04T00:00:00Z,"NA","NA"
e26-29-1-1-B9,8.602540196855731,8.0863888055,1.0638296529848612,1,24,5,12,0.12,7.2,90,750,Exp,29,1,12.7,2.2799999999999998,6.63,Round,2.5,0.3,Aeraseal,460,30,48,0.01,16,2.5000000000000001E-2,"NA","NA","NA","NA",e26,17,1,5,B,9,B9,8,2017-10-10T00:00:00Z,2017-10-04T00:00:00Z,"NA","NA"
e26-3-1-1-D8,15.23342480213105,9.8057987255,1.5535118788963613,1,24,5,12,0.12,7.2,90,750,Exp,3,1,12.7,2.2799999999999998,6.63,Round,10,0.1,Foil,230,30,48,0.01,16,2.5000000000000001E-2,"NA","NA","NA","NA",e26,5,1,3,D,8,D8,8,2017-10-10T00:00:00Z,2017-10-04T00:00:00Z,"NA","NA"
e26-30-1-1-D6,11.531231300084873,9.654678713000001,1.1943671708679542,1,24,5,12,0.12,7.2,90,750,Exp,30,1,12.7,2.2799999999999998,6.63,Pyramidal,2.5,0.3,Aeraseal,460,30,48,0.01,16,2.5000000000000001E-2,"NA","NA","NA","NA",e26,38,1,6,D,6,D6,8,2017-10-10T00:00:00Z,2017-10-04T00:00:00Z,"NA","NA"
e26-31-1-1-D5,7.40167914690264,9.822589838,0.7535364164620063,1,24,5,12,0.12,7.2,90,750,Exp,31,1,12.7,2.2799999999999998,6.63,Round,10,0.3,Aeraseal,460,30,48,0.01,16,2.5000000000000001E-2,"NA","NA","NA","NA",e26,37,1,7,D,5,D5,8,2017-10-10T00:00:00Z,2017-10-04T00:00:00Z,"NA","NA"
e26-32-1-1-C3,6.630601983549181,10.2960992105,0.64399165625631,1,24,5,12,0.12,7.2,90,750,Exp,32,1,12.7,2.2799999999999998,6.63,Pyramidal,10,0.3,Aeraseal,460,30,48,0.01,16,2.5000000000000001E-2,"NA","NA","NA","NA",e26,21,1,8,C,3,C3,8,2017-10-10T00:00:00Z,2017-10-04T00:00:00Z,"NA","NA"
e26-4-1-1-D10,9.483529559085694,9.503558700500001,0.9978924588098506,1,24,5,12,0.12,7.2,90,750,Exp,4,1,12.7,2.2799999999999998,6.63,Pyramidal,10,0.1,Foil,230,30,48,0.01,16,2.5000000000000001E-2,"NA","NA","NA","NA",e26,9,1,4,D,10,D10,8,2017-10-10T00:00:00Z,2017-10-04T00:00:00Z,"NA","NA"
e26-5-1-1-D7,5.830086208618217,10.309532100499998,0.5655044430518301,1,24,5,12,0.12,7.2,90,750,Exp,5,1,12.7,2.2799999999999998,6.63,Round,2.5,0.1,Foil,460,30,48,0.01,16,2.5000000000000001E-2,"NA","NA","NA","NA",e26,2,1,5,D,7,D7,8,2017-10-10T00:00:00Z,2017-10-04T00:00:00Z,"NA","NA"
e26-6-1-1-E3,5.817054748092183,9.574081373,0.6075835917268197,1,24,5,12,0.12,7.2,90,750,Exp,6,1,12.7,2.2799999999999998,6.63,Pyramidal,2.5,0.1,Foil,460,30,48,0.01,16,2.5000000000000001E-2,"NA","NA","NA","NA",e26,11,1,6,E,3,E3,8,2017-10-10T00:00:00Z,2017-10-04T00:00:00Z,"NA","NA"
e26-7-1-1-E5,4.6524445664420435,12.670362518000001,0.3671911170523024,1,24,5,12,0.12,7.2,90,750,Exp,7,1,12.7,2.2799999999999998,6.63,Round,10,0.1,Foil,460,30,48,0.01,16,2.5000000000000001E-2,"NA","NA","NA","NA",e26,15,1,7,E,5,E5,8,2017-10-10T00:00:00Z,2017-10-04T00:00:00Z,"NA","NA"
e26-8-1-1-E10,4.203611302511149,12.3849136055,0.33941385756977527,1,24,5,12,0.12,7.2,90,750,Exp,8,1,12.7,2.2799999999999998,6.63,Pyramidal,10,0.1,Foil,460,30,48,0.01,16,2.5000000000000001E-2,"NA","NA","NA","NA",e26,29,1,8,E,10,E10,8,2017-10-10T00:00:00Z,2017-10-04T00:00:00Z,"NA","NA"
e26-9-1-1-C9,5.369111063548575,8.526315953000001,0.6297105447587176,1,24,5,12,0.12,7.2,90,750,Exp,9,1,12.7,2.2799999999999998,6.63,Round,2.5,0.1,Aeraseal,230,30,48,0.01,16,2.5000000000000001E-2,"NA","NA","NA","NA",e26,30,1,1,C,9,C9,8,2017-10-10T00:00:00Z,2017-10-04T00:00:00Z,"NA","NA"
e27-1-1-1-E9,3.7483840596663773,7.898328345500001,0.47457941677013016,2,20,3,10,0,6.7,70,850,Exp,1,1,7.06,4,13.3,Round,2.5,0.1,Aeraseal,460,30,48,0.01,16,2.5000000000000001E-2,"NA","NA","NA","NA",e27,39,1,1,E,9,E9,9,2017-10-11T00:00:00Z,2017-10-05T00:00:00Z,"NA","NA"
e27-10-1-1-D8,1.9170436383381255,4.640852520499999,0.41308006015489285,1,20,3,14,0,7.5,70,650,Exp,10,1,11.4,0.64300000000000002,6.06,Round,2.5,0.1,Aeraseal,460,30,48,0.01,16,2.5000000000000001E-2,"NA","NA","NA","NA",e27,33,1,1,D,8,D8,9,2017-10-11T00:00:00Z,2017-10-05T00:00:00Z,"NA","NA"
e27-11-1-1-B9,4.08822121599013,8.126687475499999,0.5030612076956483,2,28,3,14,0,7.5,70,850,Exp,11,1,11.4,0.64300000000000002,10.5,Round,2.5,0.1,Aeraseal,460,30,48,0.01,16,2.5000000000000001E-2,"NA","NA","NA","NA",e27,36,1,1,B,9,B9,9,2017-10-11T00:00:00Z,2017-10-05T00:00:00Z,"NA","NA"
e27-12-1-1-D6,1.3296882676659365,5.137869450499998,0.258801489698524,1,28,3,14,0,6.7,110,850,Exp,12,1,11.1,6.28,8.2200000000000006,Round,2.5,0.1,Aeraseal,460,30,48,0.01,16,2.5000000000000001E-2,"NA","NA","NA","NA",e27,23,1,1,D,6,D6,9,2017-10-11T00:00:00Z,2017-10-05T00:00:00Z,"NA","NA"
e27-13-1-1-C2,5.393664840406425,7.619595877999999,0.7078675728695154,2,20,7,14,0,7.5,110,850,Exp,13,1,17.8,1.01,7.25,Round,2.5,0.1,Aeraseal,460,30,48,0.01,16,2.5000000000000001E-2,"NA","NA","NA","NA",e27,2,1,1,C,2,C2,9,2017-10-11T00:00:00Z,2017-10-05T00:00:00Z,"NA","NA"
e27-14-1-1-B5,5.107139632036527,6.074813528,0.8407072264023784,1,20,7,14,0,6.7,70,850,Exp,14,1,7.06,4,11.4,Round,2.5,0.1,Aeraseal,460,30,48,0.01,16,2.5000000000000001E-2,"NA","NA","NA","NA",e27,16,1,1,B,5,B5,9,2017-10-11T00:00:00Z,2017-10-05T00:00:00Z,"NA","NA"
e27-15-1-1-C7,7.472287825295256,12.374838938,0.6038290973104912,2,28,7,14,0,6.7,70,650,Exp,15,1,7.06,4,4.13,Round,2.5,0.1,Aeraseal,460,30,48,0.01,16,2.5000000000000001E-2,"NA","NA","NA","NA",e27,27,1,1,C,7,C7,9,2017-10-11T00:00:00Z,2017-10-05T00:00:00Z,"NA","NA"
e27-16-1-1-E8,5.30889947131263,7.690118550500001,0.6903533978637367,1,28,7,14,0,7.5,110,650,Exp,16,1,17.8,1.01,4.7800000000000004E-3,Round,2.5,0.1,Aeraseal,460,30,48,0.01,16,2.5000000000000001E-2,"NA","NA","NA","NA",e27,34,1,1,E,8,E8,9,2017-10-11T00:00:00Z,2017-10-05T00:00:00Z,"NA","NA"
e27-17-1-1-E3,3.8071473833826746,8.620346182999999,0.4416466929008801,2,20,3,10,0.24,6.7,70,650,Exp,17,1,7.06,4,7.5,Round,2.5,0.1,Aeraseal,460,30,48,0.01,16,2.5000000000000001E-2,"NA","NA","NA","NA",e27,9,1,1,E,3,E3,9,2017-10-11T00:00:00Z,2017-10-05T00:00:00Z,"NA","NA"
e27-18-1-1-D7,3.086599530382492,6.2393664305,0.494697589052346,1,20,3,10,0.24,7.5,110,650,Exp,18,1,17.8,1.01,3.38,Round,2.5,0.1,Aeraseal,460,30,48,0.01,16,2.5000000000000001E-2,"NA","NA","NA","NA",e27,28,1,1,D,7,D7,9,2017-10-11T00:00:00Z,2017-10-05T00:00:00Z,"NA","NA"
e27-19-1-1-F3,3.8261015212468683,8.224075928000001,0.46523178467022386,2,28,3,10,0.24,7.5,110,850,Exp,19,1,17.8,1.01,7.82,Round,2.5,0.1,Aeraseal,460,30,48,0.01,16,2.5000000000000001E-2,"NA","NA","NA","NA",e27,10,1,1,F,3,F3,9,2017-10-11T00:00:00Z,2017-10-05T00:00:00Z,"NA","NA"
e27-2-1-1-B4,2.011909567126162,3.9927155779999994,0.5038950378063124,1,20,3,10,0,7.5,110,850,Exp,2,1,17.8,1.01,9.2200000000000006,Round,2.5,0.1,Aeraseal,460,30,48,0.01,16,2.5000000000000001E-2,"NA","NA","NA","NA",e27,11,1,1,B,4,B4,9,2017-10-11T00:00:00Z,2017-10-05T00:00:00Z,"NA","NA"
e27-20-1-1-F4,4.077736742276816,8.801690198,0.4632901920591794,1,28,3,10,0.24,6.7,70,850,Exp,20,1,7.06,4,11.9,Round,2.5,0.1,Aeraseal,460,30,48,0.01,16,2.5000000000000001E-2,"NA","NA","NA","NA",e27,15,1,1,F,4,F4,9,2017-10-11T00:00:00Z,2017-10-05T00:00:00Z,"NA","NA"
e27-21-1-1-D3,5.397869234644579,7.189743398000001,0.7507735583645622,2,20,7,10,0.24,7.5,70,850,Exp,21,1,11.4,0.64300000000000002,11.3,Round,2.5,0.1,Aeraseal,460,30,48,0.01,16,2.5000000000000001E-2,"NA","NA","NA","NA",e27,8,1,1,D,3,D3,9,2017-10-11T00:00:00Z,2017-10-05T00:00:00Z,"NA","NA"
e27-22-1-1-B7,5.931764394131699,7.770715890499999,0.7633485096763749,1,20,7,10,0.24,6.7,110,850,Exp,22,1,11.1,6.28,9.06,Round,2.5,0.1,Aeraseal,460,30,48,0.01,16,2.5000000000000001E-2,"NA","NA","NA","NA",e27,26,1,1,B,7,B7,9,2017-10-11T00:00:00Z,2017-10-05T00:00:00Z,"NA","NA"
e27-23-1-1-C8,7.089117529362747,11.327073518,0.6258560534720056,2,28,7,10,0.24,6.7,110,650,Exp,23,1,11.1,6.28,1.82,Round,2.5,0.1,Aeraseal,460,30,48,0.01,16,2.5000000000000001E-2,"NA","NA","NA","NA",e27,32,1,1,C,8,C8,9,2017-10-11T00:00:00Z,2017-10-05T00:00:00Z,"NA","NA"
e27-24-1-1-D9,6.1028386403060075,10.349830770500002,0.5896558867127426,1,28,7,10,0.24,7.5,70,650,Exp,24,1,11.4,0.64300000000000002,4.09,Round,2.5,0.1,Aeraseal,460,30,48,0.01,16,2.5000000000000001E-2,"NA","NA","NA","NA",e27,38,1,1,D,9,D9,9,2017-10-11T00:00:00Z,2017-10-05T00:00:00Z,"NA","NA"
e27-25-1-1-C6,3.4526478709895274,6.763249140500001,0.5105013580402091,2,20,3,14,0.24,6.7,110,850,Exp,25,1,11.1,6.28,9.6300000000000008,Round,2.5,0.1,Aeraseal,460,30,48,0.01,16,2.5000000000000001E-2,"NA","NA","NA","NA",e27,22,1,1,C,6,C6,9,2017-10-11T00:00:00Z,2017-10-05T00:00:00Z,"NA","NA"
e27-26-1-1-C4,3.2170358869919786,6.4274268905000005,0.500516916302368,1,20,3,14,0.24,7.5,70,850,Exp,26,1,11.4,0.64300000000000002,11.9,Round,2.5,0.1,Aeraseal,460,30,48,0.01,16,2.5000000000000001E-2,"NA","NA","NA","NA",e27,12,1,1,C,4,C4,9,2017-10-11T00:00:00Z,2017-10-05T00:00:00Z,"NA","NA"
e27-27-1-1-C5,3.6354800842835093,8.808406643000001,0.4127284572145188,2,28,3,14,0.24,7.5,70,650,Exp,27,1,11.4,0.64300000000000002,4.6500000000000004,Round,2.5,0.1,Aeraseal,460,30,48,0.01,16,2.5000000000000001E-2,"NA","NA","NA","NA",e27,17,1,1,C,5,C5,9,2017-10-11T00:00:00Z,2017-10-05T00:00:00Z,"NA","NA"
e27-28-1-1-D4,3.4150626336056424,9.2550502355,0.36899449994407785,1,28,3,14,0.24,6.7,110,650,Exp,28,1,11.1,6.28,2.38,Round,2.5,0.1,Aeraseal,460,30,48,0.01,16,2.5000000000000001E-2,"NA","NA","NA","NA",e27,13,1,1,D,4,D4,9,2017-10-11T00:00:00Z,2017-10-05T00:00:00Z,"NA","NA"
e27-29-1-1-C3,6.180556101886497,9.809156948,0.630080254057578,2,20,7,14,0.24,7.5,110,650,Exp,29,1,17.8,1.01,1.41,Round,2.5,0.1,Aeraseal,460,30,48,0.01,16,2.5000000000000001E-2,"NA","NA","NA","NA",e27,7,1,1,C,3,C3,9,2017-10-11T00:00:00Z,2017-10-05T00:00:00Z,"NA","NA"
e27-3-1-1-E5,3.662877374416509,8.7513168605,0.41855156575912544,2,28,3,10,0,7.5,110,650,Exp,3,1,17.8,1.01,1.98,Round,2.5,0.1,Aeraseal,460,30,48,0.01,16,2.5000000000000001E-2,"NA","NA","NA","NA",e27,19,1,1,E,5,E5,9,2017-10-11T00:00:00Z,2017-10-05T00:00:00Z,"NA","NA"
e27-30-1-1-F2,6.783611671246582,10.9946094905,0.6169943259110775,1,20,7,14,0.24,6.7,70,650,Exp,30,1,7.06,4,5.53,Round,2.5,0.1,Aeraseal,460,30,48,0.01,16,2.5000000000000001E-2,"NA","NA","NA","NA",e27,5,1,1,F,2,F2,9,2017-10-11T00:00:00Z,2017-10-05T00:00:00Z,"NA","NA"
e27-31-1-1-F9,7.728363091351216,11.891254898,0.6499198913523464,2,28,7,14,0.24,6.7,70,850,Exp,31,1,7.06,4,9.9700000000000006,Round,2.5,0.1,Aeraseal,460,30,48,0.01,16,2.5000000000000001E-2,"NA","NA","NA","NA",e27,40,1,1,F,9,F9,9,2017-10-11T00:00:00Z,2017-10-05T00:00:00Z,"NA","NA"
e27-32-1-1-C9,6.2058168311079225,9.486767588,0.654155040011498,1,28,7,14,0.24,7.5,110,850,Exp,32,1,17.8,1.01,5.84,Round,2.5,0.1,Aeraseal,460,30,48,0.01,16,2.5000000000000001E-2,"NA","NA","NA","NA",e27,37,1,1,C,9,C9,9,2017-10-11T00:00:00Z,2017-10-05T00:00:00Z,"NA","NA"
e27-4-1-1-F8,3.4082503768801953,6.961384268000001,0.4895937712485139,1,28,3,10,0,6.7,70,650,Exp,4,1,7.06,4,6.1,Round,2.5,0.1,Aeraseal,460,30,48,0.01,16,2.5000000000000001E-2,"NA","NA","NA","NA",e27,35,1,1,F,8,F8,9,2017-10-11T00:00:00Z,2017-10-05T00:00:00Z,"NA","NA"
e27-5-1-1-F7,5.516669375483533,7.841238563,0.7035456619716587,2,20,7,10,0,7.5,70,650,Exp,5,1,11.4,0.64300000000000002,5.49,Round,2.5,0.1,Aeraseal,460,30,48,0.01,16,2.5000000000000001E-2,"NA","NA","NA","NA",e27,30,1,1,F,7,F7,9,2017-10-11T00:00:00Z,2017-10-05T00:00:00Z,"NA","NA"
e27-6-1-1-B2,3.578495919341786,5.880036622999999,0.60858395087955,1,20,7,10,0,6.7,110,650,Exp,6,1,11.1,6.28,3.22,Round,2.5,0.1,Aeraseal,460,30,48,0.01,16,2.5000000000000001E-2,"NA","NA","NA","NA",e27,1,1,1,B,2,B2,9,2017-10-11T00:00:00Z,2017-10-05T00:00:00Z,"NA","NA"
e27-7-1-1-B8,6.817551203524674,10.5378912305,0.6469559283163333,2,28,7,10,0,6.7,110,850,Exp,7,1,11.1,6.28,7.66,Round,2.5,0.1,Aeraseal,460,30,48,0.01,16,2.5000000000000001E-2,"NA","NA","NA","NA",e27,31,1,1,B,8,B8,9,2017-10-11T00:00:00Z,2017-10-05T00:00:00Z,"NA","NA"
e27-8-1-1-E4,3.687222012368575,6.7867566980000005,0.5432966255376692,1,28,7,10,0,7.5,70,850,Exp,8,1,11.4,0.64300000000000002,9.93,Round,2.5,0.1,Aeraseal,460,30,48,0.01,16,2.5000000000000001E-2,"NA","NA","NA","NA",e27,14,1,1,E,4,E4,9,2017-10-11T00:00:00Z,2017-10-05T00:00:00Z,"NA","NA"
e27-9-1-1-B6,3.7977881398445072,8.103179918,0.4686787382578399,2,20,3,14,0,6.7,110,650,Exp,9,1,11.1,6.28,3.79,Round,2.5,0.1,Aeraseal,460,30,48,0.01,16,2.5000000000000001E-2,"NA","NA","NA","NA",e27,21,1,1,B,6,B6,9,2017-10-11T00:00:00Z,2017-10-05T00:00:00Z,"NA","NA"
e28-1-1-1-E2,6.0376204620012635,10.6789365755,0.5653765634167159,1,24,5,12,0.12,7.2,90,750,Exp,1,1,12.7,2.2799999999999998,6.63,Round,2.5,0.1,Aeraseal,460,30,24,2.5000000000000001E-3,3,6.2500000000000003E-3,"NA","NA","NA","NA",e28,32,1,1,E,2,E2,12,2017-10-16T00:00:00Z,2017-10-05T00:00:00Z,"NA","NA"
e28-10-1-1-D5,5.888317355084226,9.6244547105,0.6118078927277036,1,24,5,12,0.12,7.2,90,750,Exp,10,1,12.7,2.2799999999999998,6.63,Round,2.5,0.1,Aeraseal,460,37,24,2.5000000000000001E-3,112,6.2500000000000003E-3,"NA","NA","NA","NA",e28,24,1,2,D,5,D5,10,2017-10-16T00:00:00Z,2017-10-05T00:00:00Z,"NA","NA"
e28-11-1-3-B6,4.414817772882061,8.7983319755,0.5017789491435019,1,24,5,12,0.12,7.2,90,750,Exp,11,1,12.7,2.2799999999999998,6.63,Round,2.5,0.1,Aeraseal,460,30,72,2.5000000000000001E-3,112,6.2500000000000003E-3,"NA","NA","NA","NA",e28,16,3,3,B,6,B6,10,2017-10-16T00:00:00Z,2017-10-05T00:00:00Z,"NA","NA"
e28-12-1-3-B2,5.081548012560176,9.926694735500002,0.5119073516371431,1,24,5,12,0.12,7.2,90,750,Exp,12,1,12.7,2.2799999999999998,6.63,Round,2.5,0.1,Aeraseal,460,37,72,2.5000000000000001E-3,112,6.2500000000000003E-3,"NA","NA","NA","NA",e28,1,3,4,B,2,B2,10,2017-10-16T00:00:00Z,2017-10-05T00:00:00Z,"NA","NA"
e28-13-1-1-C3,6.50309652777149,10.641996128,0.6110786406566422,1,24,5,12,0.12,7.2,90,750,Exp,13,1,12.7,2.2799999999999998,6.63,Round,2.5,0.1,Aeraseal,460,30,24,0.04,112,6.2500000000000003E-3,"NA","NA","NA","NA",e28,13,1,1,C,3,C3,10,2017-10-16T00:00:00Z,2017-10-05T00:00:00Z,"NA","NA"
e28-14-1-1-C2,5.701752049127807,9.3289311305,0.6111902820770649,1,24,5,12,0.12,7.2,90,750,Exp,14,1,12.7,2.2799999999999998,6.63,Round,2.5,0.1,Aeraseal,460,37,24,0.04,112,6.2500000000000003E-3,"NA","NA","NA","NA",e28,11,1,2,C,2,C2,10,2017-10-16T00:00:00Z,2017-10-05T00:00:00Z,"NA","NA"
e28-15-1-3-C5,4.38366087820455,9.926694735500002,0.4416032722883714,1,24,5,12,0.12,7.2,90,750,Exp,15,1,12.7,2.2799999999999998,6.63,Round,2.5,0.1,Aeraseal,460,30,72,0.04,112,6.2500000000000003E-3,"NA","NA","NA","NA",e28,28,3,3,C,5,C5,10,2017-10-16T00:00:00Z,2017-10-05T00:00:00Z,"NA","NA"
e28-16-1-3-B5,5.172889987591558,10.5983392355,0.4880849605440579,1,24,5,12,0.12,7.2,90,750,Exp,16,1,12.7,2.2799999999999998,6.63,Round,2.5,0.1,Aeraseal,460,37,72,0.04,112,6.2500000000000003E-3,"NA","NA","NA","NA",e28,8,3,4,B,5,B5,10,2017-10-16T00:00:00Z,2017-10-05T00:00:00Z,"NA","NA"
e28-17-1-1-E3,6.281911249055478,10.917370373,0.575405160256486,1,24,5,12,0.12,7.2,90,750,Exp,17,1,12.7,2.2799999999999998,6.63,Round,2.5,0.1,Aeraseal,460,30,24,2.5000000000000001E-3,3,0.1,"NA","NA","NA","NA",e28,33,1,1,E,3,E3,12,2017-10-16T00:00:00Z,2017-10-05T00:00:00Z,"NA","NA"
e28-18-1-1-C6,5.652321457067604,9.2281844555,0.612506336899109,1,24,5,12,0.12,7.2,90,750,Exp,18,1,12.7,2.2799999999999998,6.63,Round,2.5,0.1,Aeraseal,460,37,24,2.5000000000000001E-3,3,0.1,"NA","NA","NA","NA",e28,18,1,2,C,6,C6,12,2017-10-16T00:00:00Z,2017-10-05T00:00:00Z,"NA","NA"
e28-19-1-3-D2,4.9634626759952205,9.406170248,0.5276815691328343,1,24,5,12,0.12,7.2,90,750,Exp,19,1,12.7,2.2799999999999998,6.63,Round,2.5,0.1,Aeraseal,460,30,72,2.5000000000000001E-3,3,0.1,"NA","NA","NA","NA",e28,31,3,3,D,2,D2,12,2017-10-16T00:00:00Z,2017-10-05T00:00:00Z,"NA","NA"
e28-2-1-1-B3,6.0024339481988855,9.056915108,0.6627459655547525,1,24,5,12,0.12,7.2,90,750,Exp,2,1,12.7,2.2799999999999998,6.63,Round,2.5,0.1,Aeraseal,460,37,24,2.5000000000000001E-3,3,6.2500000000000003E-3,"NA","NA","NA","NA",e28,6,1,2,B,3,B3,12,2017-10-16T00:00:00Z,2017-10-05T00:00:00Z,"NA","NA"
e28-20-1-3-E6,5.305166378650191,10.1416209755,0.5231083267128938,1,24,5,12,0.12,7.2,90,750,Exp,20,1,12.7,2.2799999999999998,6.63,Round,2.5,0.1,Aeraseal,460,37,72,2.5000000000000001E-3,3,0.1,"NA","NA","NA","NA",e28,48,3,4,E,6,E6,12,2017-10-16T00:00:00Z,2017-10-05T00:00:00Z,"NA","NA"
e28-21-1-1-D2,6.196640214593467,10.3834129955,0.596782600988614,1,24,5,12,0.12,7.2,90,750,Exp,21,1,12.7,2.2799999999999998,6.63,Round,2.5,0.1,Aeraseal,460,30,24,0.04,3,0.1,"NA","NA","NA","NA",e28,20,1,1,D,2,D2,12,2017-10-16T00:00:00Z,2017-10-05T00:00:00Z,"NA","NA"
e28-22-1-1-D6,5.41552336722034,8.1401203655,0.6652878734045226,1,24,5,12,0.12,7.2,90,750,Exp,22,1,12.7,2.2799999999999998,6.63,Round,2.5,0.1,Aeraseal,460,37,24,0.04,3,0.1,"NA","NA","NA","NA",e28,25,1,2,D,6,D6,12,2017-10-16T00:00:00Z,2017-10-05T00:00:00Z,"NA","NA"
e28-23-1-3-D5,5.277917351748407,9.3557969105,0.5641333819276266,1,24,5,12,0.12,7.2,90,750,Exp,23,1,12.7,2.2799999999999998,6.63,Round,2.5,0.1,Aeraseal,460,30,72,0.04,3,0.1,"NA","NA","NA","NA",e28,38,3,3,D,5,D5,12,2017-10-16T00:00:00Z,2017-10-05T00:00:00Z,"NA","NA"
e28-24-1-3-E5,5.43536708447182,8.852063535500001,0.6140226019248526,1,24,5,12,0.12,7.2,90,750,Exp,24,1,12.7,2.2799999999999998,6.63,Round,2.5,0.1,Aeraseal,460,37,72,0.04,3,0.1,"NA","NA","NA","NA",e28,47,3,4,E,5,E5,12,2017-10-16T00:00:00Z,2017-10-05T00:00:00Z,"NA","NA"
e28-25-1-1-E5,6.395199138457418,11.038266383,0.579366262469136,1,24,5,12,0.12,7.2,90,750,Exp,25,1,12.7,2.2799999999999998,6.63,Round,2.5,0.1,Aeraseal,460,30,24,2.5000000000000001E-3,112,0.1,"NA","NA","NA","NA",e28,40,1,1,E,5,E5,10,2017-10-16T00:00:00Z,2017-10-05T00:00:00Z,"NA","NA"
e28-26-1-1-C5,5.515692408539602,8.936019098000001,0.6172426835764135,1,24,5,12,0.12,7.2,90,750,Exp,26,1,12.7,2.2799999999999998,6.63,Round,2.5,0.1,Aeraseal,460,37,24,2.5000000000000001E-3,112,0.1,"NA","NA","NA","NA",e28,15,1,2,C,5,C5,10,2017-10-16T00:00:00Z,2017-10-05T00:00:00Z,"NA","NA"
e28-27-1-3-C2,5.536155690598015,9.748708942999999,0.5678860373170971,1,24,5,12,0.12,7.2,90,750,Exp,27,1,12.7,2.2799999999999998,6.63,Round,2.5,0.1,Aeraseal,460,30,72,2.5000000000000001E-3,112,0.1,"NA","NA","NA","NA",e28,17,3,3,C,2,C2,10,2017-10-16T00:00:00Z,2017-10-05T00:00:00Z,"NA","NA"
e28-28-1-3-C6,5.068490040152067,10.202068980500002,0.49681001469798547,1,24,5,12,0.12,7.2,90,750,Exp,28,1,12.7,2.2799999999999998,6.63,Round,2.5,0.1,Aeraseal,460,37,72,2.5000000000000001E-3,112,0.1,"NA","NA","NA","NA",e28,30,3,4,C,6,C6,10,2017-10-16T00:00:00Z,2017-10-05T00:00:00Z,"NA","NA"
e28-29-1-1-C4,7.097325030843695,11.1087890555,0.6388927717850386,1,24,5,12,0.12,7.2,90,750,Exp,29,1,12.7,2.2799999999999998,6.63,Round,2.5,0.1,Aeraseal,460,30,24,0.04,112,0.1,"NA","NA","NA","NA",e28,14,1,1,C,4,C4,10,2017-10-16T00:00:00Z,2017-10-05T00:00:00Z,"NA","NA"
e28-3-1-3-C4,5.065524775527776,9.396095580499999,0.5391095409927942,1,24,5,12,0.12,7.2,90,750,Exp,3,1,12.7,2.2799999999999998,6.63,Round,2.5,0.1,Aeraseal,460,30,72,2.5000000000000001E-3,3,6.2500000000000003E-3,"NA","NA","NA","NA",e28,26,3,3,C,4,C4,12,2017-10-16T00:00:00Z,2017-10-05T00:00:00Z,"NA","NA"
e28-30-1-1-E6,5.494426934650546,9.0266911055,0.6086867125986808,1,24,5,12,0.12,7.2,90,750,Exp,30,1,12.7,2.2799999999999998,6.63,Round,2.5,0.1,Aeraseal,460,37,24,0.04,112,0.1,"NA","NA","NA","NA",e28,46,1,2,E,6,E6,10,2017-10-16T00:00:00Z,2017-10-05T00:00:00Z,"NA","NA"
e28-31-1-3-E4,3.7937585207196403,9.302065350500001,0.40784045024105525,1,24,5,12,0.12,7.2,90,750,Exp,31,1,12.7,2.2799999999999998,6.63,Round,2.5,0.1,Aeraseal,460,30,72,0.04,112,0.1,"NA","NA","NA","NA",e28,44,3,3,E,4,E4,10,2017-10-16T00:00:00Z,2017-10-05T00:00:00Z,"NA","NA"
e28-32-1-3-D3,5.592223764270376,9.6244547105,0.5810431793262452,1,24,5,12,0.12,7.2,90,750,Exp,32,1,12.7,2.2799999999999998,6.63,Round,2.5,0.1,Aeraseal,460,37,72,0.04,112,0.1,"NA","NA","NA","NA",e28,34,3,4,D,3,D3,10,2017-10-16T00:00:00Z,2017-10-05T00:00:00Z,"NA","NA"
e28-4-1-3-B4,5.273085540792895,10.7662503605,0.4897792048510383,1,24,5,12,0.12,7.2,90,750,Exp,4,1,12.7,2.2799999999999998,6.63,Round,2.5,0.1,Aeraseal,460,37,72,2.5000000000000001E-3,3,6.2500000000000003E-3,"NA","NA","NA","NA",e28,4,3,4,B,4,B4,12,2017-10-16T00:00:00Z,2017-10-05T00:00:00Z,"NA","NA"
e28-5-1-1-B6,6.5439700681241675,10.158412087999999,0.644192223295851,1,24,5,12,0.12,7.2,90,750,Exp,5,1,12.7,2.2799999999999998,6.63,Round,2.5,0.1,Aeraseal,460,30,24,0.04,3,6.2500000000000003E-3,"NA","NA","NA","NA",e28,10,1,1,B,6,B6,12,2017-10-16T00:00:00Z,2017-10-05T00:00:00Z,"NA","NA"
e28-6-1-1-D3,5.910559795917214,9.5640067055,0.6180003818397797,1,24,5,12,0.12,7.2,90,750,Exp,6,1,12.7,2.2799999999999998,6.63,Round,2.5,0.1,Aeraseal,460,37,24,0.04,3,6.2500000000000003E-3,"NA","NA","NA","NA",e28,22,1,2,D,3,D3,12,2017-10-16T00:00:00Z,2017-10-05T00:00:00Z,"NA","NA"
e28-7-1-3-C3,5.433675313253888,10.252442318,0.529988381764811,1,24,5,12,0.12,7.2,90,750,Exp,7,1,12.7,2.2799999999999998,6.63,Round,2.5,0.1,Aeraseal,460,30,72,0.04,3,6.2500000000000003E-3,"NA","NA","NA","NA",e28,21,3,3,C,3,C3,12,2017-10-16T00:00:00Z,2017-10-05T00:00:00Z,"NA","NA"
e28-8-1-3-D4,5.030783051419041,10.5513241205,0.47679163240230793,1,24,5,12,0.12,7.2,90,750,Exp,8,1,12.7,2.2799999999999998,6.63,Round,2.5,0.1,Aeraseal,460,37,72,0.04,3,6.2500000000000003E-3,"NA","NA","NA","NA",e28,37,3,4,D,4,D4,12,2017-10-16T00:00:00Z,2017-10-05T00:00:00Z,"NA","NA"
e28-9-1-1-B4,6.341084998672921,11.259909068,0.5631559687008407,1,24,5,12,0.12,7.2,90,750,Exp,9,1,12.7,2.2799999999999998,6.63,Round,2.5,0.1,Aeraseal,460,30,24,2.5000000000000001E-3,112,6.2500000000000003E-3,"NA","NA","NA","NA",e28,7,1,1,B,4,B4,10,2017-10-16T00:00:00Z,2017-10-05T00:00:00Z,"NA","NA"
e30-1-1-1-D6,6.8920288949781625,10.1416209755,0.679578630637828,2,20,7,12,0.24,7.5,90,750,Exp,1,1,14.6,0.82699999999999996,6.37,Round,2.5,0.1,Aeraseal,460,30,24,0.01,16,2.5000000000000001E-2,"NA","NA","NA","NA",e30,5,1,1,D,6,D6,14,2017-10-25T00:00:00Z,2017-10-18T00:00:00Z,1,"NA"
e30-10-1-1-C3,4.997537356998336,11.1893863955,0.44663194033661935,2,20,7,12,0,6.7,90,750,Exp,10,1,9.08,5.14,7.29,Round,10,0.1,Aeraseal,460,37,24,0.01,16,2.5000000000000001E-2,"NA","NA","NA","NA",e30,2,1,6,C,3,C3,14,2017-10-25T00:00:00Z,2017-10-18T00:00:00Z,7,"NA"
e30-11-1-1-E9,9.754514924147792,11.615880653,0.8397568135850741,2,20,7,12,0.24,6.7,90,750,Exp,11,1,9.08,5.14,7.29,Round,2.5,0.3,Aeraseal,460,37,24,0.01,16,2.5000000000000001E-2,"NA","NA","NA","NA",e30,8,1,5,E,9,E9,14,2017-10-25T00:00:00Z,2017-10-18T00:00:00Z,6,"NA"
e30-12-1-1-C5,4.983234425774958,9.762141833,0.5104652760657096,2,20,3,12,0,6.7,90,750,Exp,12,1,9.08,5.14,8.56,Round,10,0.3,Aeraseal,460,37,24,0.01,16,2.5000000000000001E-2,"NA","NA","NA","NA",e30,4,1,6,C,5,C5,14,2017-10-25T00:00:00Z,2017-10-18T00:00:00Z,5,"NA"
e30-13-1-2-E8,6.2037573256426555,10.265875208,0.6043086634063295,2,20,7,12,0,7.5,90,750,Exp,13,1,14.6,0.82699999999999996,6.37,Round,2.5,0.1,Aeraseal,460,37,48,0.01,16,2.5000000000000001E-2,"NA","NA","NA","NA",e30,3,2,7,E,8,E8,14,2017-10-25T00:00:00Z,2017-10-18T00:00:00Z,4,"NA"
e30-14-1-2-C4,3.4579315906692143,9.993859185500002,0.34600563470879153,2,20,3,12,0.24,7.5,90,750,Exp,14,1,14.6,0.82699999999999996,7.64,Round,10,0.1,Aeraseal,460,37,48,0.01,16,2.5000000000000001E-2,"NA","NA","NA","NA",e30,3,2,8,C,4,C4,14,2017-10-25T00:00:00Z,2017-10-18T00:00:00Z,3,"NA"
e30-15-1-2-F3,6.329006547570959,7.680043883,0.8240846854508733,2,20,3,12,0,7.5,90,750,Exp,15,1,14.6,0.82699999999999996,7.64,Round,2.5,0.3,Aeraseal,460,37,48,0.01,16,2.5000000000000001E-2,"NA","NA","NA","NA",e30,6,2,7,F,3,F3,14,2017-10-25T00:00:00Z,2017-10-18T00:00:00Z,2,"NA"
e30-16-1-2-C3,9.429809208456778,10.5513241205,0.8937086095323099,2,20,7,12,0.24,7.5,90,750,Exp,16,1,14.6,0.82699999999999996,6.37,Round,10,0.3,Aeraseal,460,37,48,0.01,16,2.5000000000000001E-2,"NA","NA","NA","NA",e30,2,2,8,C,3,C3,14,2017-10-25T00:00:00Z,2017-10-18T00:00:00Z,1,"NA"
e30-17-1-1-D2,8.362677431300941,12.2640175955,0.6818872662388737,2,28,7,12,0,6.7,90,750,Exp,17,1,9.08,5.14,5.89,Round,2.5,0.1,Aeraseal,460,30,24,0.01,16,2.5000000000000001E-2,"NA","NA","NA","NA",e30,1,1,1,D,2,D2,14,2017-10-25T00:00:00Z,2017-10-18T00:00:00Z,9,"NA"
e30-18-1-1-B2,4.2873930062953995,11.078565053,0.3869989466852842,2,28,3,12,0.24,6.7,90,750,Exp,18,1,9.08,5.14,7.16,Round,10,0.1,Aeraseal,460,30,24,0.01,16,2.5000000000000001E-2,"NA","NA","NA","NA",e30,1,1,2,B,2,B2,14,2017-10-25T00:00:00Z,2017-10-18T00:00:00Z,10,"NA"
e30-19-1-1-D3,8.842748925253888,11.212893953000002,0.7886232548278063,2,28,3,12,0,6.7,90,750,Exp,19,1,9.08,5.14,7.16,Round,2.5,0.3,Aeraseal,460,30,24,0.01,16,2.5000000000000001E-2,"NA","NA","NA","NA",e30,2,1,1,D,3,D3,14,2017-10-25T00:00:00Z,2017-10-18T00:00:00Z,11,"NA"
e30-2-1-1-B8,4.1152774892419774,8.522957730500002,0.48284616906114275,2,20,3,12,0,7.5,90,750,Exp,2,1,14.6,0.82699999999999996,7.64,Round,10,0.1,Aeraseal,460,30,24,0.01,16,2.5000000000000001E-2,"NA","NA","NA","NA",e30,7,1,2,B,8,B8,14,2017-10-25T00:00:00Z,2017-10-18T00:00:00Z,2,"NA"
e30-20-1-1-B4,9.856618288616353,13.489768807999999,0.7306736259831945,2,28,7,12,0.24,6.7,90,750,Exp,20,1,9.08,5.14,5.89,Round,10,0.3,Aeraseal,460,30,24,0.01,16,2.5000000000000001E-2,"NA","NA","NA","NA",e30,3,1,2,B,4,B4,14,2017-10-25T00:00:00Z,2017-10-18T00:00:00Z,12,"NA"
e30-21-1-2-D8,3.3345382153937013,7.703551440499999,0.43285726604783636,2,28,3,12,0.24,7.5,90,750,Exp,21,1,14.6,0.82699999999999996,6.23,Round,2.5,0.1,Aeraseal,460,30,48,0.01,16,2.5000000000000001E-2,"NA","NA","NA","NA",e30,7,2,3,D,8,D8,14,2017-10-25T00:00:00Z,2017-10-18T00:00:00Z,13,"NA"
e30-22-1-2-B6,7.094415622252948,13.1707376705,0.5386498311437118,2,28,7,12,0,7.5,90,750,Exp,22,1,14.6,0.82699999999999996,4.96,Round,10,0.1,Aeraseal,460,30,48,0.01,16,2.5000000000000001E-2,"NA","NA","NA","NA",e30,5,2,4,B,6,B6,14,2017-10-25T00:00:00Z,2017-10-18T00:00:00Z,14,"NA"
e30-23-1-2-D4,10.8429920213818,10.5513241205,1.027642777110327,2,28,7,12,0.24,7.5,90,750,Exp,23,1,14.6,0.82699999999999996,4.96,Round,2.5,0.3,Aeraseal,460,30,48,0.01,16,2.5000000000000001E-2,"NA","NA","NA","NA",e30,3,2,3,D,4,D4,14,2017-10-25T00:00:00Z,2017-10-18T00:00:00Z,15,"NA"
e30-24-1-2-B3,6.263352358478219,9.4229613605,0.6646904427236102,2,28,3,12,0,7.5,90,750,Exp,24,1,14.6,0.82699999999999996,6.23,Round,10,0.3,Aeraseal,460,30,48,0.01,16,2.5000000000000001E-2,"NA","NA","NA","NA",e30,2,2,4,B,3,B3,14,2017-10-25T00:00:00Z,2017-10-18T00:00:00Z,16,"NA"
e30-25-1-1-E3,4.344795230067097,8.620346182999999,0.504016328095428,2,28,3,12,0,7.5,90,750,Exp,25,1,14.6,0.82699999999999996,6.23,Round,2.5,0.1,Aeraseal,460,37,24,0.01,16,2.5000000000000001E-2,"NA","NA","NA","NA",e30,2,1,5,E,3,E3,14,2017-10-25T00:00:00Z,2017-10-18T00:00:00Z,16,"NA"
e30-26-1-1-C4,6.535223777048607,12.5259589505,0.5217344079502784,2,28,7,12,0.24,7.5,90,750,Exp,26,1,14.6,0.82699999999999996,4.96,Round,10,0.1,Aeraseal,460,37,24,0.01,16,2.5000000000000001E-2,"NA","NA","NA","NA",e30,3,1,6,C,4,C4,14,2017-10-25T00:00:00Z,2017-10-18T00:00:00Z,15,"NA"
e30-27-1-1-E6,10.929745722403304,11.696477993,0.9344475943052633,2,28,7,12,0,7.5,90,750,Exp,27,1,14.6,0.82699999999999996,4.96,Round,2.5,0.3,Aeraseal,460,37,24,0.01,16,2.5000000000000001E-2,"NA","NA","NA","NA",e30,5,1,5,E,6,E6,14,2017-10-25T00:00:00Z,2017-10-18T00:00:00Z,14,"NA"
e30-28-1-1-C9,5.41489308572546,9.503558700500001,0.5697753080054708,2,28,3,12,0.24,7.5,90,750,Exp,28,1,14.6,0.82699999999999996,6.23,Round,10,0.3,Aeraseal,460,37,24,0.01,16,2.5000000000000001E-2,"NA","NA","NA","NA",e30,8,1,6,C,9,C9,14,2017-10-25T00:00:00Z,2017-10-18T00:00:00Z,13,"NA"
e30-29-1-2-F5,7.488942991650639,12.274092263,0.6101423087901909,2,28,7,12,0.24,6.7,90,750,Exp,29,1,9.08,5.14,5.89,Round,2.5,0.1,Aeraseal,460,37,48,0.01,16,2.5000000000000001E-2,"NA","NA","NA","NA",e30,8,2,7,F,5,F5,14,2017-10-25T00:00:00Z,2017-10-18T00:00:00Z,12,"NA"
e30-3-1-1-D5,5.903617007036585,8.3953452755,0.7032012160673147,2,20,3,12,0.24,7.5,90,750,Exp,3,1,14.6,0.82699999999999996,7.64,Round,2.5,0.3,Aeraseal,460,30,24,0.01,16,2.5000000000000001E-2,"NA","NA","NA","NA",e30,4,1,1,D,5,D5,14,2017-10-25T00:00:00Z,2017-10-18T00:00:00Z,3,"NA"
e30-30-1-2-C5,4.921256084997346,13.892755507999999,0.35423182119367835,2,28,3,12,0,6.7,90,750,Exp,30,1,9.08,5.14,7.16,Round,10,0.1,Aeraseal,460,37,48,0.01,16,2.5000000000000001E-2,"NA","NA","NA","NA",e30,4,2,8,C,5,C5,14,2017-10-25T00:00:00Z,2017-10-18T00:00:00Z,11,"NA"
e30-31-1-2-E6,8.121513529979506,8.905795095499998,0.9119358173963847,2,28,3,12,0.24,6.7,90,750,Exp,31,1,9.08,5.14,7.16,Round,2.5,0.3,Aeraseal,460,37,48,0.01,16,2.5000000000000001E-2,"NA","NA","NA","NA",e30,1,2,7,E,6,E6,14,2017-10-25T00:00:00Z,2017-10-18T00:00:00Z,10,"NA"
e30-32-1-2-C7,9.80307422168313,12.932303873,0.7580299935690452,2,28,7,12,0,6.7,90,750,Exp,32,1,9.08,5.14,5.89,Round,10,0.3,Aeraseal,460,37,48,0.01,16,2.5000000000000001E-2,"NA","NA","NA","NA",e30,6,2,8,C,7,C7,14,2017-10-25T00:00:00Z,2017-10-18T00:00:00Z,9,"NA"
e30-33-1-1-D9,7.134675835550864,7.122578947999999,1.0016983858851098,1,20,7,12,0,6.7,90,750,Exp,33,1,9.08,5.14,7.29,Round,2.5,0.1,Aeraseal,460,30,24,0.01,16,2.5000000000000001E-2,"NA","NA","NA","NA",e30,8,1,1,D,9,D9,14,2017-10-25T00:00:00Z,2017-10-18T00:00:00Z,17,"NA"
e30-34-1-1-B3,4.123156647161492,10.124829863,0.4072321908567652,1,20,3,12,0.24,6.7,90,750,Exp,34,1,9.08,5.14,8.56,Round,10,0.1,Aeraseal,460,30,24,0.01,16,2.5000000000000001E-2,"NA","NA","NA","NA",e30,2,1,2,B,3,B3,14,2017-10-25T00:00:00Z,2017-10-18T00:00:00Z,18,"NA"
e30-35-1-1-D8,5.226745790047991,6.877428705500001,0.759985455882381,1,20,3,12,0,6.7,90,750,Exp,35,1,9.08,5.14,8.56,Round,2.5,0.3,Aeraseal,460,30,24,0.01,16,2.5000000000000001E-2,"NA","NA","NA","NA",e30,7,1,1,D,8,D8,14,2017-10-25T00:00:00Z,2017-10-18T00:00:00Z,19,"NA"
e30-36-1-1-B9,8.506305894804889,11.6998362155,0.7270448695286601,1,20,7,12,0.24,6.7,90,750,Exp,36,1,9.08,5.14,7.29,Round,10,0.3,Aeraseal,460,30,24,0.01,16,2.5000000000000001E-2,"NA","NA","NA","NA",e30,8,1,2,B,9,B9,14,2017-10-25T00:00:00Z,2017-10-18T00:00:00Z,20,"NA"
e30-37-1-2-E5,3.727118583876929,8.093105250499999,0.4605301016747143,1,20,3,12,0.24,7.5,90,750,Exp,37,1,14.6,0.82699999999999996,7.64,Round,2.5,0.1,Aeraseal,460,30,48,0.01,16,2.5000000000000001E-2,"NA","NA","NA","NA",e30,12,2,3,E,5,E5,14,2017-10-25T00:00:00Z,2017-10-18T00:00:00Z,21,"NA"
e30-38-1-2-B4,2.827526206768603,6.437501558,0.43922726562369285,1,20,7,12,0,7.5,90,750,Exp,38,1,14.6,0.82699999999999996,6.37,Round,10,0.1,Aeraseal,460,30,48,0.01,16,2.5000000000000001E-2,"NA","NA","NA","NA",e30,3,2,4,B,4,B4,14,2017-10-25T00:00:00Z,2017-10-18T00:00:00Z,22,"NA"
e30-39-1-2-E2,9.201683352621252,9.5640067055,0.9621159453317418,1,20,7,12,0.24,7.5,90,750,Exp,39,1,14.6,0.82699999999999996,6.37,Round,2.5,0.3,Aeraseal,460,30,48,0.01,16,2.5000000000000001E-2,"NA","NA","NA","NA",e30,9,2,3,E,2,E2,14,2017-10-25T00:00:00Z,2017-10-18T00:00:00Z,23,"NA"
e30-4-1-1-B6,8.45007740250899,11.280058403000002,0.749116458498268,2,20,7,12,0,7.5,90,750,Exp,4,1,14.6,0.82699999999999996,6.37,Round,10,0.3,Aeraseal,460,30,24,0.01,16,2.5000000000000001E-2,"NA","NA","NA","NA",e30,5,1,2,B,6,B6,14,2017-10-25T00:00:00Z,2017-10-18T00:00:00Z,4,"NA"
e30-40-1-2-B9,3.0761964586080293,6.7968313655,0.4525927293448059,1,20,3,12,0,7.5,90,750,Exp,40,1,14.6,0.82699999999999996,7.64,Round,10,0.3,Aeraseal,460,30,48,0.01,16,2.5000000000000001E-2,"NA","NA","NA","NA",e30,8,2,4,B,9,B9,14,2017-10-25T00:00:00Z,2017-10-18T00:00:00Z,24,"NA"
e30-41-1-1-E4,2.3609567199647614,6.3266802155,0.3731746570943406,1,20,3,12,0,7.5,90,750,Exp,41,1,14.6,0.82699999999999996,7.64,Round,2.5,0.1,Aeraseal,460,37,24,0.01,16,2.5000000000000001E-2,"NA","NA","NA","NA",e30,3,1,5,E,4,E4,14,2017-10-25T00:00:00Z,2017-10-18T00:00:00Z,24,"NA"
e30-42-1-1-C7,5.727980295555767,11.0886397205,0.5165629364768907,1,20,7,12,0.24,7.5,90,750,Exp,42,1,14.6,0.82699999999999996,6.37,Round,10,0.1,Aeraseal,460,37,24,0.01,16,2.5000000000000001E-2,"NA","NA","NA","NA",e30,6,1,6,C,7,C7,14,2017-10-25T00:00:00Z,2017-10-18T00:00:00Z,23,"NA"
e30-43-1-1-E5,5.739380647902679,8.3953452755,0.6836384281480143,1,20,7,12,0,7.5,90,750,Exp,43,1,14.6,0.82699999999999996,6.37,Round,2.5,0.3,Aeraseal,460,37,24,0.01,16,2.5000000000000001E-2,"NA","NA","NA","NA",e30,4,1,5,E,5,E5,14,2017-10-25T00:00:00Z,2017-10-18T00:00:00Z,22,"NA"
e30-44-1-1-C8,4.705922466498322,7.491983423000001,0.6281277200976425,1,20,3,12,0.24,7.5,90,750,Exp,44,1,14.6,0.82699999999999996,7.64,Round,10,0.3,Aeraseal,460,37,24,0.01,16,2.5000000000000001E-2,"NA","NA","NA","NA",e30,7,1,6,C,8,C8,14,2017-10-25T00:00:00Z,2017-10-18T00:00:00Z,21,"NA"
e30-45-1-2-E7,6.079344872779076,9.983784518,0.6089218834619761,1,20,7,12,0.24,6.7,90,750,Exp,45,1,9.08,5.14,7.29,Round,2.5,0.1,Aeraseal,460,37,48,0.01,16,2.5000000000000001E-2,"NA","NA","NA","NA",e30,2,2,7,E,7,E7,14,2017-10-25T00:00:00Z,2017-10-18T00:00:00Z,20,"NA"
e30-46-1-2-C8,2.5396783188453904,11.5453579805,0.21997397769171667,1,20,3,12,0,6.7,90,750,Exp,46,1,9.08,5.14,8.56,Round,10,0.1,Aeraseal,460,37,48,0.01,16,2.5000000000000001E-2,"NA","NA","NA","NA",e30,7,2,8,C,8,C8,14,2017-10-25T00:00:00Z,2017-10-18T00:00:00Z,19,"NA"
e30-47-1-2-E9,7.286583919011463,8.4759426155,0.859678297690035,1,20,3,12,0.24,6.7,90,750,Exp,47,1,9.08,5.14,8.56,Round,2.5,0.3,Aeraseal,460,37,48,0.01,16,2.5000000000000001E-2,"NA","NA","NA","NA",e30,4,2,7,E,9,E9,14,2017-10-25T00:00:00Z,2017-10-18T00:00:00Z,18,"NA"
e30-48-1-2-C6,4.745682873142589,7.800939893,0.6083475758351916,1,20,7,12,0,6.7,90,750,Exp,48,1,9.08,5.14,7.29,Round,10,0.3,Aeraseal,460,37,48,0.01,16,2.5000000000000001E-2,"NA","NA","NA","NA",e30,5,2,8,C,6,C6,14,2017-10-25T00:00:00Z,2017-10-18T00:00:00Z,17,"NA"
e30-49-1-1-D7,8.067632500635202,11.125580167999999,0.7251426333558557,1,28,7,12,0.24,7.5,90,750,Exp,49,1,14.6,0.82699999999999996,4.96,Round,2.5,0.1,Aeraseal,460,30,24,0.01,16,2.5000000000000001E-2,"NA","NA","NA","NA",e30,6,1,1,D,7,D7,14,2017-10-25T00:00:00Z,2017-10-18T00:00:00Z,25,"NA"
e30-5-1-2-D3,4.108080446499452,8.499450173,0.4833348467115547,2,20,3,12,0,6.7,90,750,Exp,5,1,9.08,5.14,8.56,Round,2.5,0.1,Aeraseal,460,30,48,0.01,16,2.5000000000000001E-2,"NA","NA","NA","NA",e30,2,2,3,D,3,D3,14,2017-10-25T00:00:00Z,2017-10-18T00:00:00Z,5,"NA"
e30-50-1-1-B5,1.6852592344519652,5.5475725955,0.3037831782172602,1,28,3,12,0,7.5,90,750,Exp,50,1,14.6,0.82699999999999996,6.23,Round,10,0.1,Aeraseal,460,30,24,0.01,16,2.5000000000000001E-2,"NA","NA","NA","NA",e30,4,1,2,B,5,B5,14,2017-10-25T00:00:00Z,2017-10-18T00:00:00Z,26,"NA"
e30-51-1-1-D4,7.997965500816259,9.4431106955,0.8469630144892396,1,28,3,12,0.24,7.5,90,750,Exp,51,1,14.6,0.82699999999999996,6.23,Round,2.5,0.3,Aeraseal,460,30,24,0.01,16,2.5000000000000001E-2,"NA","NA","NA","NA",e30,3,1,1,D,4,D4,14,2017-10-25T00:00:00Z,2017-10-18T00:00:00Z,27,"NA"
e30-52-1-1-B7,4.58447609213727,10.1147551955,0.45324637161528913,1,28,7,12,0,7.5,90,750,Exp,52,1,14.6,0.82699999999999996,4.96,Round,10,0.3,Aeraseal,460,30,24,0.01,16,2.5000000000000001E-2,"NA","NA","NA","NA",e30,6,1,2,B,7,B7,14,2017-10-25T00:00:00Z,2017-10-18T00:00:00Z,28,"NA"
e30-53-1-2-D9,4.174872522077539,7.824447450499999,0.5335677117763449,1,28,3,12,0,6.7,90,750,Exp,53,1,9.08,5.14,7.16,Round,2.5,0.1,Aeraseal,460,30,48,0.01,16,2.5000000000000001E-2,"NA","NA","NA","NA",e30,8,2,3,D,9,D9,14,2017-10-25T00:00:00Z,2017-10-18T00:00:00Z,29,"NA"
e30-54-1-2-B8,6.9943145679700685,12.515884283,0.5588350299363397,1,28,7,12,0.24,6.7,90,750,Exp,54,1,9.08,5.14,5.89,Round,10,0.1,Aeraseal,460,30,48,0.01,16,2.5000000000000001E-2,"NA","NA","NA","NA",e30,7,2,4,B,8,B8,14,2017-10-25T00:00:00Z,2017-10-18T00:00:00Z,30,"NA"
e30-55-1-2-D5,10.007043332825688,10.326323212999998,0.9690809716499711,1,28,7,12,0,6.7,90,750,Exp,55,1,9.08,5.14,5.89,Round,2.5,0.3,Aeraseal,460,30,48,0.01,16,2.5000000000000001E-2,"NA","NA","NA","NA",e30,4,2,3,D,5,D5,14,2017-10-25T00:00:00Z,2017-10-18T00:00:00Z,31,"NA"
e30-56-1-2-B5,6.709068141502697,10.9610272655,0.6120838840187535,1,28,3,12,0.24,6.7,90,750,Exp,56,1,9.08,5.14,7.16,Round,10,0.3,Aeraseal,460,30,48,0.01,16,2.5000000000000001E-2,"NA","NA","NA","NA",e30,4,2,4,B,5,B5,14,2017-10-25T00:00:00Z,2017-10-18T00:00:00Z,32,"NA"
e30-57-1-1-E8,4.618613649551946,10.830056588,0.42646255926949606,1,28,3,12,0.24,6.7,90,750,Exp,57,1,9.08,5.14,7.16,Round,2.5,0.1,Aeraseal,460,37,24,0.01,16,2.5000000000000001E-2,"NA","NA","NA","NA",e30,7,1,5,E,8,E8,14,2017-10-25T00:00:00Z,2017-10-18T00:00:00Z,32,"NA"
e30-58-1-1-C6,4.320202178346545,8.4490768355,0.5113223920741967,1,28,7,12,0,6.7,90,750,Exp,58,1,9.08,5.14,5.89,Round,10,0.1,Aeraseal,460,37,24,0.01,16,2.5000000000000001E-2,"NA","NA","NA","NA",e30,5,1,6,C,6,C6,14,2017-10-25T00:00:00Z,2017-10-18T00:00:00Z,31,"NA"
e30-59-1-1-E2,9.100626720376363,14.027084408,0.6487896169774273,1,28,7,12,0.24,6.7,90,750,Exp,59,1,9.08,5.14,5.89,Round,2.5,0.3,Aeraseal,460,37,24,0.01,16,2.5000000000000001E-2,"NA","NA","NA","NA",e30,1,1,5,E,2,E2,14,2017-10-25T00:00:00Z,2017-10-18T00:00:00Z,30,"NA"
e30-6-1-2-B7,7.805460241646671,12.045733133,0.6479854862684239,2,20,7,12,0.24,6.7,90,750,Exp,6,1,9.08,5.14,7.29,Round,10,0.1,Aeraseal,460,30,48,0.01,16,2.5000000000000001E-2,"NA","NA","NA","NA",e30,6,2,4,B,7,B7,14,2017-10-25T00:00:00Z,2017-10-18T00:00:00Z,6,"NA"
e30-60-1-1-C2,3.899880371116892,8.972959545499998,0.43462587247177653,1,28,3,12,0,6.7,90,750,Exp,60,1,9.08,5.14,7.16,Round,10,0.3,Aeraseal,460,37,24,0.01,16,2.5000000000000001E-2,"NA","NA","NA","NA",e30,1,1,6,C,2,C2,14,2017-10-25T00:00:00Z,2017-10-18T00:00:00Z,29,"NA"
e30-61-1-2-F4,4.136904462460002,9.036765772999999,0.457785956433686,1,28,7,12,0,7.5,90,750,Exp,61,1,14.6,0.82699999999999996,4.96,Round,2.5,0.1,Aeraseal,460,37,48,0.01,16,2.5000000000000001E-2,"NA","NA","NA","NA",e30,7,2,7,F,4,F4,14,2017-10-25T00:00:00Z,2017-10-18T00:00:00Z,28,"NA"
e30-62-1-2-C2,3.4617620928720756,11.169237060499999,0.30993720288331916,1,28,3,12,0.24,7.5,90,750,Exp,62,1,14.6,0.82699999999999996,6.23,Round,10,0.1,Aeraseal,460,37,48,0.01,16,2.5000000000000001E-2,"NA","NA","NA","NA",e30,1,2,8,C,2,C2,14,2017-10-25T00:00:00Z,2017-10-18T00:00:00Z,27,"NA"
e30-63-1-2-F2,6.8997533990099456,8.680794188,0.7948297413326424,1,28,3,12,0,7.5,90,750,Exp,63,1,14.6,0.82699999999999996,6.23,Round,2.5,0.3,Aeraseal,460,37,48,0.01,16,2.5000000000000001E-2,"NA","NA","NA","NA",e30,5,2,7,F,2,F2,14,2017-10-25T00:00:00Z,2017-10-18T00:00:00Z,26,"NA"
e30-64-1-2-C9,9.615854849332052,14.463653333000002,0.6648289078799128,1,28,7,12,0.24,7.5,90,750,Exp,64,1,14.6,0.82699999999999996,4.96,Round,10,0.3,Aeraseal,460,37,48,0.01,16,2.5000000000000001E-2,"NA","NA","NA","NA",e30,8,2,8,C,9,C9,14,2017-10-25T00:00:00Z,2017-10-18T00:00:00Z,25,"NA"
e30-7-1-2-E3,11.0996049307668,10.9274450405,1.015754816393835,2,20,7,12,0,6.7,90,750,Exp,7,1,9.08,5.14,7.29,Round,2.5,0.3,Aeraseal,460,30,48,0.01,16,2.5000000000000001E-2,"NA","NA","NA","NA",e30,10,2,3,E,3,E3,14,2017-10-25T00:00:00Z,2017-10-18T00:00:00Z,7,"NA"
e30-8-1-2-B2,4.935467861959054,8.3617630505,0.5902424921815899,2,20,3,12,0.24,6.7,90,750,Exp,8,1,9.08,5.14,8.56,Round,10,0.3,Aeraseal,460,30,48,0.01,16,2.5000000000000001E-2,"NA","NA","NA","NA",e30,1,2,4,B,2,B2,14,2017-10-25T00:00:00Z,2017-10-18T00:00:00Z,8,"NA"
e30-9-1-1-E7,3.6892416785210633,8.761391528,0.4210794217711695,2,20,3,12,0.24,6.7,90,750,Exp,9,1,9.08,5.14,8.56,Round,2.5,0.1,Aeraseal,460,37,24,0.01,16,2.5000000000000001E-2,"NA","NA","NA","NA",e30,6,1,5,E,7,E7,14,2017-10-25T00:00:00Z,2017-10-18T00:00:00Z,8,"NA"
e31-1-1-1-C4,4.524433445296136,10.3632636605,0.4365838401411323,1,24,5,12,0.12,7.2,90,750,Exp,1,1,12.7,2.2799999999999998,6.63,"NA","NA","NA","NA","NA",30,28,0.01,16,2.5000000000000001E-2,Baffled,125,7.4999999999999997E-2,Foam,e31,8,1,"NA",C,4,C4,15,2017-10-23T00:00:00Z,2017-10-18T00:00:00Z,"NA","NA"
e31-10-1-1-B2,6.780289004485292,10.279308098,0.6596055823839451,1,24,5,12,0.12,7.2,90,750,Exp,10,1,12.7,2.2799999999999998,6.63,"NA","NA","NA","NA","NA",30,28,0.01,16,2.5000000000000001E-2,Unbaffled,125,7.4999999999999997E-2,Aluminum,e31,1,1,"NA",B,2,B2,15,2017-10-23T00:00:00Z,2017-10-18T00:00:00Z,"NA","NA"
e31-11-1-1-E4,3.989090017289368,11.102072610499999,0.3593103880005801,1,24,5,12,0.12,7.2,90,750,Exp,11,1,12.7,2.2799999999999998,6.63,"NA","NA","NA","NA","NA",30,28,0.01,16,2.5000000000000001E-2,Baffled,250,7.4999999999999997E-2,Aluminum,e31,18,1,"NA",E,4,E4,15,2017-10-23T00:00:00Z,2017-10-18T00:00:00Z,"NA","NA"
e31-12-1-1-C3,5.241160818077238,8.909153318000001,0.5882894401971989,1,24,5,12,0.12,7.2,90,750,Exp,12,1,12.7,2.2799999999999998,6.63,"NA","NA","NA","NA","NA",30,28,0.01,16,2.5000000000000001E-2,Unbaffled,250,7.4999999999999997E-2,Aluminum,e31,7,1,"NA",C,3,C3,15,2017-10-23T00:00:00Z,2017-10-18T00:00:00Z,"NA","NA"
e31-13-1-1-B3,3.4775855618664506,8.170344368,0.42563512689707117,1,24,5,12,0.12,7.2,90,750,Exp,13,1,12.7,2.2799999999999998,6.63,"NA","NA","NA","NA","NA",30,28,0.01,16,2.5000000000000001E-2,Baffled,125,0.15,Aluminum,e31,2,1,"NA",B,3,B3,15,2017-10-23T00:00:00Z,2017-10-18T00:00:00Z,"NA","NA"
e31-14-1-1-C2,5.05435986133296,7.9319105705,0.6372184628670556,1,24,5,12,0.12,7.2,90,750,Exp,14,1,12.7,2.2799999999999998,6.63,"NA","NA","NA","NA","NA",30,28,0.01,16,2.5000000000000001E-2,Unbaffled,125,0.15,Aluminum,e31,6,1,"NA",C,2,C2,15,2017-10-23T00:00:00Z,2017-10-18T00:00:00Z,"NA","NA"
e31-15-1-1-D4,3.5466850960648464,9.0938555555,0.3900089543339841,1,24,5,12,0.12,7.2,90,750,Exp,15,1,12.7,2.2799999999999998,6.63,"NA","NA","NA","NA","NA",30,28,0.01,16,2.5000000000000001E-2,Baffled,250,0.15,Aluminum,e31,13,1,"NA",D,4,D4,15,2017-10-23T00:00:00Z,2017-10-18T00:00:00Z,"NA","NA"
e31-16-1-1-E5,3.280980571890362,7.152802950500001,0.4586985821636555,1,24,5,12,0.12,7.2,90,750,Exp,16,1,12.7,2.2799999999999998,6.63,"NA","NA","NA","NA","NA",30,28,0.01,16,2.5000000000000001E-2,Unbaffled,250,0.15,Aluminum,e31,19,1,"NA",E,5,E5,15,2017-10-23T00:00:00Z,2017-10-18T00:00:00Z,"NA","NA"
e31-2-1-1-E2,6.834551407501004,9.926694735500002,0.6885022245178118,1,24,5,12,0.12,7.2,90,750,Exp,2,1,12.7,2.2799999999999998,6.63,"NA","NA","NA","NA","NA",30,28,0.01,16,2.5000000000000001E-2,Unbaffled,125,7.4999999999999997E-2,Foam,e31,16,1,"NA",E,2,E2,15,2017-10-23T00:00:00Z,2017-10-18T00:00:00Z,"NA","NA"
e31-3-1-1-C6,3.82429585059022,10.390129440499999,0.3680700873353302,1,24,5,12,0.12,7.2,90,750,Exp,3,1,12.7,2.2799999999999998,6.63,"NA","NA","NA","NA","NA",30,28,0.01,16,2.5000000000000001E-2,Baffled,250,7.4999999999999997E-2,Foam,e31,10,1,"NA",C,6,C6,15,2017-10-23T00:00:00Z,2017-10-18T00:00:00Z,"NA","NA"
e31-4-1-1-D2,8.879854424918676,9.7319178305,0.9124465063904523,1,24,5,12,0.12,7.2,90,750,Exp,4,1,12.7,2.2799999999999998,6.63,"NA","NA","NA","NA","NA",30,28,0.01,16,2.5000000000000001E-2,Unbaffled,250,7.4999999999999997E-2,Foam,e31,11,1,"NA",D,2,D2,15,2017-10-23T00:00:00Z,2017-10-18T00:00:00Z,"NA","NA"
e31-5-1-1-B4,6.951424126334171,10.977818378,0.63322455218107,1,24,5,12,0.12,7.2,90,750,Exp,5,1,12.7,2.2799999999999998,6.63,"NA","NA","NA","NA","NA",30,28,0.01,16,2.5000000000000001E-2,Baffled,125,0.15,Foam,e31,3,1,"NA",B,4,B4,15,2017-10-23T00:00:00Z,2017-10-18T00:00:00Z,"NA","NA"
e31-6-1-1-D6,10.264079865416038,10.312890323,0.9952670438591689,1,24,5,12,0.12,7.2,90,750,Exp,6,1,12.7,2.2799999999999998,6.63,"NA","NA","NA","NA","NA",30,28,0.01,16,2.5000000000000001E-2,Unbaffled,125,0.15,Foam,e31,15,1,"NA",D,6,D6,15,2017-10-23T00:00:00Z,2017-10-18T00:00:00Z,"NA","NA"
e31-7-1-1-D3,4.002269741046618,10.262516985500001,0.38998909786960245,1,24,5,12,0.12,7.2,90,750,Exp,7,1,12.7,2.2799999999999998,6.63,"NA","NA","NA","NA","NA",30,28,0.01,16,2.5000000000000001E-2,Baffled,250,0.15,Foam,e31,12,1,"NA",D,3,D3,15,2017-10-23T00:00:00Z,2017-10-18T00:00:00Z,"NA","NA"
e31-8-1-1-B5,10.374672504774043,9.930052958000001,1.0447751435621337,1,24,5,12,0.12,7.2,90,750,Exp,8,1,12.7,2.2799999999999998,6.63,"NA","NA","NA","NA","NA",30,28,0.01,16,2.5000000000000001E-2,Unbaffled,250,0.15,Foam,e31,4,1,"NA",B,5,B5,15,2017-10-23T00:00:00Z,2017-10-18T00:00:00Z,"NA","NA"
e31-9-1-1-C5,7.030179430533163,11.380805078,0.6177225057762441,1,24,5,12,0.12,7.2,90,750,Exp,9,1,12.7,2.2799999999999998,6.63,"NA","NA","NA","NA","NA",30,28,0.01,16,2.5000000000000001E-2,Baffled,125,7.4999999999999997E-2,Aluminum,e31,9,1,"NA",C,5,C5,15,2017-10-23T00:00:00Z,2017-10-18T00:00:00Z,"NA","NA"
e45-1-E9,4.8429177401741885,8.774824418,0.5519105009371812,1,24,5,10,0.12,7.2,70,750,Exp,1,1,9.91,1.77,8.5500000000000007,Pyramidal,2.5,0.1,Aeraseal,460,30,48,2.5000000000000001E-3,3,6.2500000000000003E-3,"NA","NA","NA","NA",e45,32,1,7,E,9,E9,17,2018-01-23T00:00:00Z,2018-01-11T00:00:00Z,"NA","NA"
e45-1-E2,4.730842468504036,8.4826590605,0.5577074870936971,1,24,5,10,0.12,7.2,110,750,Exp,10,1,15.6,2.79,5.25,Pyramidal,2.5,0.1,Aeraseal,460,37,48,0.04,3,6.2500000000000003E-3,"NA","NA","NA","NA",e45,25,1,21,E,2,E2,17,2018-01-23T00:00:00Z,2018-01-11T00:00:00Z,"NA","NA"
e45-1-B6,5.106459191555024,8.8856457605,0.5746863344761204,1,24,5,10,0.12,7.2,110,750,Exp,11,1,15.6,2.79,5.25,Round,2.5,0.1,Aeraseal,460,37,48,2.5000000000000001E-3,112,6.2500000000000003E-3,"NA","NA","NA","NA",e45,5,1,5,B,6,B6,17,2018-01-23T00:00:00Z,2018-01-11T00:00:00Z,"NA","NA"
e45-1-B3,5.299331088868676,8.620346182999999,0.6147468995293222,1,24,5,10,0.12,7.2,70,750,Exp,12,1,9.91,1.77,8.5500000000000007,Pyramidal,2.5,0.1,Foil,460,37,48,0.04,112,6.2500000000000003E-3,"NA","NA","NA","NA",e45,2,1,1,B,3,B3,17,2018-01-23T00:00:00Z,2018-01-11T00:00:00Z,"NA","NA"
e45-1-B2,4.986062518965207,7.827805673,0.6369681015668729,1,24,5,10,0.12,7.2,110,750,Exp,13,1,15.6,2.79,5.25,Pyramidal,2.5,0.1,Foil,460,37,48,2.5000000000000001E-3,3,0.1,"NA","NA","NA","NA",e45,1,1,1,B,2,B2,17,2018-01-23T00:00:00Z,2018-01-11T00:00:00Z,"NA","NA"
e45-1-C7,4.488330840224398,7.549073205499999,0.5945538899999474,1,24,5,10,0.12,7.2,70,750,Exp,14,1,9.91,1.77,8.5500000000000007,Round,2.5,0.1,Aeraseal,460,37,48,0.04,3,0.1,"NA","NA","NA","NA",e45,14,1,5,C,7,C7,17,2018-01-23T00:00:00Z,2018-01-11T00:00:00Z,"NA","NA"
e45-1-D6,5.003743163423042,8.062881248,0.6205899615183122,1,24,5,10,0.12,7.2,70,750,Exp,15,1,9.91,1.77,8.5500000000000007,Pyramidal,2.5,0.1,Aeraseal,460,37,48,2.5000000000000001E-3,112,0.1,"NA","NA","NA","NA",e45,21,1,21,D,6,D6,17,2018-01-23T00:00:00Z,2018-01-11T00:00:00Z,"NA","NA"
e45-1-D3,5.457373874516949,7.4550429755,0.7320378826053555,1,24,5,10,0.12,7.2,110,750,Exp,16,1,15.6,2.79,5.25,Round,2.5,0.1,Foil,460,37,48,0.04,112,0.1,"NA","NA","NA","NA",e45,18,1,6,D,3,D3,17,2018-01-23T00:00:00Z,2018-01-11T00:00:00Z,"NA","NA"
e45-1-E3,5.171232580166125,9.265124903,0.5581395431044547,1,24,5,14,0.12,7.2,70,750,Exp,17,1,9.91,1.77,7.85,Round,2.5,0.1,Aeraseal,460,30,48,2.5000000000000001E-3,3,6.2500000000000003E-3,"NA","NA","NA","NA",e45,26,1,8,E,3,E3,17,2018-01-23T00:00:00Z,2018-01-11T00:00:00Z,"NA","NA"
e45-1-F6,4.9913921433785085,8.7311675255,0.5716752231360571,1,24,5,14,0.12,7.2,110,750,Exp,18,1,15.6,2.79,4.55,Pyramidal,2.5,0.1,Foil,460,30,48,0.04,3,6.2500000000000003E-3,"NA","NA","NA","NA",e45,37,1,9,F,6,F6,17,2018-01-23T00:00:00Z,2018-01-11T00:00:00Z,"NA","NA"
e45-1-C8,5.417180774645773,9.594230708,0.5646289879321686,1,24,5,14,0.12,7.2,110,750,Exp,19,1,15.6,2.79,4.55,Round,2.5,0.1,Foil,460,30,48,2.5000000000000001E-3,112,6.2500000000000003E-3,"NA","NA","NA","NA",e45,15,1,3,C,8,C8,17,2018-01-23T00:00:00Z,2018-01-11T00:00:00Z,"NA","NA"
e45-1-C5,4.9641431164767225,8.1737025905,0.6073310181662797,1,24,5,10,0.12,7.2,110,750,Exp,2,1,15.6,2.79,5.25,Round,2.5,0.1,Foil,460,30,48,0.04,3,6.2500000000000003E-3,"NA","NA","NA","NA",e45,12,1,3,C,5,C5,17,2018-01-23T00:00:00Z,2018-01-11T00:00:00Z,"NA","NA"
e45-1-C9,5.215926600737886,9.117363113,0.5720871853069833,1,24,5,14,0.12,7.2,70,750,Exp,20,1,9.91,1.77,7.85,Pyramidal,2.5,0.1,Aeraseal,460,30,48,0.04,112,6.2500000000000003E-3,"NA","NA","NA","NA",e45,16,1,7,C,9,C9,17,2018-01-23T00:00:00Z,2018-01-11T00:00:00Z,"NA","NA"
e45-1-C4,5.890655202991162,8.405419943,0.7008162879353668,1,24,5,14,0.12,7.2,110,750,Exp,21,1,15.6,2.79,4.55,Pyramidal,2.5,0.1,Aeraseal,460,30,48,2.5000000000000001E-3,3,0.1,"NA","NA","NA","NA",e45,11,1,7,C,4,C4,17,2018-01-23T00:00:00Z,2018-01-11T00:00:00Z,"NA","NA"
e45-1-B4,5.58795849435765,8.180419035499998,0.6830895177995129,1,24,5,14,0.12,7.2,70,750,Exp,22,1,9.91,1.77,7.85,Round,2.5,0.1,Foil,460,30,48,0.04,3,0.1,"NA","NA","NA","NA",e45,3,1,3,B,4,B4,17,2018-01-23T00:00:00Z,2018-01-11T00:00:00Z,"NA","NA"
e45-1-C2,5.987300290553772,8.079672360500002,0.7410325596647405,1,24,5,14,0.12,7.2,70,750,Exp,23,1,9.91,1.77,7.85,Pyramidal,2.5,0.1,Foil,460,30,48,2.5000000000000001E-3,112,0.1,"NA","NA","NA","NA",e45,9,1,9,C,2,C2,17,2018-01-23T00:00:00Z,2018-01-11T00:00:00Z,"NA","NA"
e45-1-D9,5.3893995704936994,8.479300837999999,0.6355948059232781,1,24,5,14,0.12,7.2,110,750,Exp,24,1,15.6,2.79,4.55,Round,2.5,0.1,Aeraseal,460,30,48,0.04,112,0.1,"NA","NA","NA","NA",e45,24,1,8,D,9,D9,17,2018-01-23T00:00:00Z,2018-01-11T00:00:00Z,"NA","NA"
e45-1-D7,5.162850303571888,8.418852833,0.6132486700960826,1,24,5,14,0.12,7.2,70,750,Exp,25,1,9.91,1.77,7.85,Pyramidal,2.5,0.1,Foil,460,37,48,2.5000000000000001E-3,3,6.2500000000000003E-3,"NA","NA","NA","NA",e45,22,1,1,D,7,D7,17,2018-01-23T00:00:00Z,2018-01-11T00:00:00Z,"NA","NA"
e45-1-D4,4.848692154281133,8.882287538,0.5458832686442056,1,24,5,14,0.12,7.2,110,750,Exp,26,1,15.6,2.79,4.55,Round,2.5,0.1,Aeraseal,460,37,48,0.04,3,6.2500000000000003E-3,"NA","NA","NA","NA",e45,19,1,5,D,4,D4,17,2018-01-23T00:00:00Z,2018-01-11T00:00:00Z,"NA","NA"
e45-1-E5,4.853550477118716,8.734525748,0.5556741850844124,1,24,5,14,0.12,7.2,110,750,Exp,27,1,15.6,2.79,4.55,Pyramidal,2.5,0.1,Aeraseal,460,37,48,2.5000000000000001E-3,112,6.2500000000000003E-3,"NA","NA","NA","NA",e45,28,1,21,E,5,E5,17,2018-01-23T00:00:00Z,2018-01-11T00:00:00Z,"NA","NA"
e45-1-C3,5.252683134409053,9.305423573,0.5644754473777949,1,24,5,14,0.12,7.2,70,750,Exp,28,1,9.91,1.77,7.85,Round,2.5,0.1,Foil,460,37,48,0.04,112,6.2500000000000003E-3,"NA","NA","NA","NA",e45,10,1,6,C,3,C3,17,2018-01-23T00:00:00Z,2018-01-11T00:00:00Z,"NA","NA"
e45-1-B7,4.679545330112615,7.794223448000001,0.600386345263605,1,24,5,14,0.12,7.2,110,750,Exp,29,1,15.6,2.79,4.55,Round,2.5,0.1,Foil,460,37,48,2.5000000000000001E-3,3,0.1,"NA","NA","NA","NA",e45,6,1,6,B,7,B7,17,2018-01-23T00:00:00Z,2018-01-11T00:00:00Z,"NA","NA"
e45-1-D8,5.113210572605902,8.2878821555,0.6169502023158806,1,24,5,10,0.12,7.2,110,750,Exp,3,1,15.6,2.79,5.25,Pyramidal,2.5,0.1,Foil,460,30,48,2.5000000000000001E-3,112,6.2500000000000003E-3,"NA","NA","NA","NA",e45,23,1,9,D,8,D8,17,2018-01-23T00:00:00Z,2018-01-11T00:00:00Z,"NA","NA"
e45-1-E7,4.302715989329837,7.9520599055000005,0.5410819385746687,1,24,5,14,0.12,7.2,70,750,Exp,30,1,9.91,1.77,7.85,Pyramidal,2.5,0.1,Aeraseal,460,37,48,0.04,3,0.1,"NA","NA","NA","NA",e45,30,1,21,E,7,E7,17,2018-01-23T00:00:00Z,2018-01-11T00:00:00Z,"NA","NA"
e45-1-F7,4.813863042615756,8.197210147999998,0.5872562683769025,1,24,5,14,0.12,7.2,70,750,Exp,31,1,9.91,1.77,7.85,Round,2.5,0.1,Aeraseal,460,37,48,2.5000000000000001E-3,112,0.1,"NA","NA","NA","NA",e45,38,1,5,F,7,F7,17,2018-01-23T00:00:00Z,2018-01-11T00:00:00Z,"NA","NA"
e45-1-E8,5.475411921111782,8.3617630505,0.6548154842517779,1,24,5,14,0.12,7.2,110,750,Exp,32,1,15.6,2.79,4.55,Pyramidal,2.5,0.1,Foil,460,37,48,0.04,112,0.1,"NA","NA","NA","NA",e45,31,1,1,E,8,E8,17,2018-01-23T00:00:00Z,2018-01-11T00:00:00Z,"NA","NA"
e45-1-F2,4.034316215111415,8.079672360500002,0.49931680829465674,1,24,5,10,0.12,7.2,70,750,Exp,4,1,9.91,1.77,8.5500000000000007,Round,2.5,0.1,Aeraseal,460,30,48,0.04,112,6.2500000000000003E-3,"NA","NA","NA","NA",e45,33,1,8,F,2,F2,17,2018-01-23T00:00:00Z,2018-01-11T00:00:00Z,"NA","NA"
e45-1-F8,5.153996725401936,8.1602697005,0.6315963705324761,1,24,5,10,0.12,7.2,110,750,Exp,5,1,15.6,2.79,5.25,Round,2.5,0.1,Aeraseal,460,30,48,2.5000000000000001E-3,3,0.1,"NA","NA","NA","NA",e45,39,1,8,F,8,F8,17,2018-01-23T00:00:00Z,2018-01-11T00:00:00Z,"NA","NA"
e45-1-F4,5.038781413994204,7.183026953000001,0.7014844085876291,1,24,5,10,0.12,7.2,70,750,Exp,6,1,9.91,1.77,8.5500000000000007,Pyramidal,2.5,0.1,Foil,460,30,48,0.04,3,0.1,"NA","NA","NA","NA",e45,35,1,9,F,4,F4,17,2018-01-23T00:00:00Z,2018-01-11T00:00:00Z,"NA","NA"
e45-1-F9,5.819985648923977,7.935268793,0.7334327041395252,1,24,5,10,0.12,7.2,70,750,Exp,7,1,9.91,1.77,8.5500000000000007,Round,2.5,0.1,Foil,460,30,48,2.5000000000000001E-3,112,0.1,"NA","NA","NA","NA",e45,40,1,3,F,9,F9,17,2018-01-23T00:00:00Z,2018-01-11T00:00:00Z,"NA","NA"
e45-1-B8,5.418218617264275,7.8042981155,0.6942608466613072,1,24,5,10,0.12,7.2,110,750,Exp,8,1,15.6,2.79,5.25,Pyramidal,2.5,0.1,Aeraseal,460,30,48,0.04,112,0.1,"NA","NA","NA","NA",e45,7,1,7,B,8,B8,17,2018-01-23T00:00:00Z,2018-01-11T00:00:00Z,"NA","NA"
e45-1-C6,4.725748494878594,8.109896362999999,0.5827137960034859,1,24,5,10,0.12,7.2,70,750,Exp,9,1,9.91,1.77,8.5500000000000007,Round,2.5,0.1,Foil,460,37,48,2.5000000000000001E-3,3,6.2500000000000003E-3,"NA","NA","NA","NA",e45,13,1,6,C,6,C6,17,2018-01-23T00:00:00Z,2018-01-11T00:00:00Z,"NA","NA"
e26-17-1-1-B4,5.135365625882244,9.399453803,0.5463472382026286,1,24,5,12,0.12,7.2,90,750,Centerpoint,33,1,12.7,2.2799999999999998,6.63,Round,2.5,0.1,Aeraseal,460,30,48,0.01,16,2.5000000000000001E-2,"NA","NA","NA","NA",e26,4,1,5,B,4,B4,8,2017-10-10T00:00:00Z,2017-10-04T00:00:00Z,"NA","NA"
e26-17-2-1-B6,4.129243019574023,9.8662467305,0.41852217285516446,1,24,5,12,0.12,7.2,90,750,Centerpoint,33,2,12.7,2.2799999999999998,6.63,Round,2.5,0.1,Aeraseal,460,30,48,0.01,16,2.5000000000000001E-2,"NA","NA","NA","NA",e26,8,1,5,B,6,B6,8,2017-10-10T00:00:00Z,2017-10-04T00:00:00Z,"NA","NA"
e26-17-3-1-B7,4.570906624642472,9.869604953,0.4631296436290576,1,24,5,12,0.12,7.2,90,750,Centerpoint,33,3,12.7,2.2799999999999998,6.63,Round,2.5,0.1,Aeraseal,460,30,48,0.01,16,2.5000000000000001E-2,"NA","NA","NA","NA",e26,10,1,5,B,7,B7,8,2017-10-10T00:00:00Z,2017-10-04T00:00:00Z,"NA","NA"
e26-17-4-1-C5,5.272823378122963,9.577439595500001,0.5505462420875429,1,24,5,12,0.12,7.2,90,750,Centerpoint,33,4,12.7,2.2799999999999998,6.63,Round,2.5,0.1,Aeraseal,460,30,48,0.01,16,2.5000000000000001E-2,"NA","NA","NA","NA",e26,23,1,5,C,5,C5,8,2017-10-10T00:00:00Z,2017-10-04T00:00:00Z,"NA","NA"
e27-33-1-1-B3,3.941316832654599,9.8528138405,0.4000194154134744,1,24,5,12,0.12,7.2,90,750,Centerpoint,33,1,12.7,2.2799999999999998,6.63,Round,2.5,0.1,Aeraseal,460,30,48,0.01,16,2.5000000000000001E-2,"NA","NA","NA","NA",e27,6,1,1,B,3,B3,9,2017-10-11T00:00:00Z,2017-10-05T00:00:00Z,"NA","NA"
e27-33-2-1-D5,5.21172220649973,9.120721335499999,0.5714155728247587,1,24,5,12,0.12,7.2,90,750,Centerpoint,33,2,12.7,2.2799999999999998,6.63,Round,2.5,0.1,Aeraseal,460,30,48,0.01,16,2.5000000000000001E-2,"NA","NA","NA","NA",e27,18,1,1,D,5,D5,9,2017-10-11T00:00:00Z,2017-10-05T00:00:00Z,"NA","NA"
e27-33-3-1-F5,5.447866367747567,9.815873393,0.5550057696987624,1,24,5,12,0.12,7.2,90,750,Centerpoint,33,3,12.7,2.2799999999999998,6.63,Round,2.5,0.1,Aeraseal,460,30,48,0.01,16,2.5000000000000001E-2,"NA","NA","NA","NA",e27,20,1,1,F,5,F5,9,2017-10-11T00:00:00Z,2017-10-05T00:00:00Z,"NA","NA"
e27-33-4-1-F6,5.228425884013632,9.970351628,0.5243973411459739,1,24,5,12,0.12,7.2,90,750,Centerpoint,33,4,12.7,2.2799999999999998,6.63,Round,2.5,0.1,Aeraseal,460,30,48,0.01,16,2.5000000000000001E-2,"NA","NA","NA","NA",e27,25,1,1,F,6,F6,9,2017-10-11T00:00:00Z,2017-10-05T00:00:00Z,"NA","NA"
e28-33-1-2-B2,5.748339127912859,10.420353443000002,0.5516453121630318,1,24,5,12,0.12,7.2,90,750,Centerpoint,33,1,12.7,2.2799999999999998,6.63,Round,2.5,0.1,Aeraseal,460,30,48,0.01,16,2.5000000000000001E-2,"NA","NA","NA","NA",e28,2,2,33,B,2,B2,11,2017-10-16T00:00:00Z,2017-10-05T00:00:00Z,"NA","NA"
e28-33-2-2-B3,6.79127914356682,10.413636998,0.6521524751507207,1,24,5,12,0.12,7.2,90,750,Centerpoint,33,2,12.7,2.2799999999999998,6.63,Round,2.5,0.1,Aeraseal,460,30,48,0.01,16,2.5000000000000001E-2,"NA","NA","NA","NA",e28,12,2,33,B,3,B3,11,2017-10-16T00:00:00Z,2017-10-05T00:00:00Z,"NA","NA"
e28-33-3-2-C3,6.180111312192854,10.175203200499999,0.6073698176257718,1,24,5,12,0.12,7.2,90,750,Centerpoint,33,3,12.7,2.2799999999999998,6.63,Round,2.5,0.1,Aeraseal,460,30,48,0.01,16,2.5000000000000001E-2,"NA","NA","NA","NA",e28,35,2,33,C,3,C3,11,2017-10-16T00:00:00Z,2017-10-05T00:00:00Z,"NA","NA"
e28-33-4-2-C4,6.713265155523899,10.967743710499999,0.6120917239429051,1,24,5,12,0.12,7.2,90,750,Centerpoint,33,4,12.7,2.2799999999999998,6.63,Round,2.5,0.1,Aeraseal,460,30,48,0.01,16,2.5000000000000001E-2,"NA","NA","NA","NA",e28,43,2,33,C,4,C4,11,2017-10-16T00:00:00Z,2017-10-05T00:00:00Z,"NA","NA"
e30-65-1-2-D2,4.924531471275338,9.278557793000001,0.5307432018142453,1,24,5,12,0.12,7.2,90,750,Centerpoint,65,1,12.7,2.2799999999999998,6.63,Round,2.5,0.1,Aeraseal,460,30,48,0.01,16,2.5000000000000001E-2,"NA","NA","NA","NA",e30,1,2,3,D,2,D2,14,2017-10-25T00:00:00Z,2017-10-18T00:00:00Z,33,"NA"
e30-65-2-2-D6,5.147034477881277,9.9535605155,0.517104856083022,1,24,5,12,0.12,7.2,90,750,Centerpoint,65,2,12.7,2.2799999999999998,6.63,Round,2.5,0.1,Aeraseal,460,30,48,0.01,16,2.5000000000000001E-2,"NA","NA","NA","NA",e30,5,2,3,D,6,D6,14,2017-10-25T00:00:00Z,2017-10-18T00:00:00Z,33,"NA"
e30-65-3-2-D7,5.107674533274147,9.956918737999999,0.5129774248112526,1,24,5,12,0.12,7.2,90,750,Centerpoint,65,3,12.7,2.2799999999999998,6.63,Round,2.5,0.1,Aeraseal,460,30,48,0.01,16,2.5000000000000001E-2,"NA","NA","NA","NA",e30,6,2,3,D,7,D7,14,2017-10-25T00:00:00Z,2017-10-18T00:00:00Z,33,"NA"
e30-65-4-2-E4,5.620372890754897,9.6513204905,0.5823423744229765,1,24,5,12,0.12,7.2,90,750,Centerpoint,65,4,12.7,2.2799999999999998,6.63,Round,2.5,0.1,Aeraseal,460,30,48,0.01,16,2.5000000000000001E-2,"NA","NA","NA","NA",e30,11,2,3,E,4,E4,14,2017-10-25T00:00:00Z,2017-10-18T00:00:00Z,33,"NA"
e32-1-1-1-B2,6.0757378766354355,9.8057987255,0.619606627335259,1,24,5,12,0.12,7.2,90,750,Centerpoint,1,1,12.7,2.2799999999999998,6.63,Round,2.5,0.1,Aeraseal,460,30,48,0.01,16,2.5000000000000001E-2,"NA","NA","NA","NA",e32,1,1,1,B,2,B2,15,2017-10-24T00:00:00Z,2017-10-18T00:00:00Z,"NA","NA"
e32-1-2-1-B4,5.65302840943118,10.003933853,0.5650805465627842,1,24,5,12,0.12,7.2,90,750,Centerpoint,1,2,12.7,2.2799999999999998,6.63,Round,2.5,0.1,Aeraseal,460,30,48,0.01,16,2.5000000000000001E-2,"NA","NA","NA","NA",e32,3,1,1,B,4,B4,15,2017-10-24T00:00:00Z,2017-10-18T00:00:00Z,"NA","NA"
e32-1-3-1-C3,6.231704977046704,9.634529378,0.6468094841535812,1,24,5,12,0.12,7.2,90,750,Centerpoint,1,3,12.7,2.2799999999999998,6.63,Round,2.5,0.1,Aeraseal,460,30,48,0.01,16,2.5000000000000001E-2,"NA","NA","NA","NA",e32,6,1,1,C,3,C3,15,2017-10-24T00:00:00Z,2017-10-18T00:00:00Z,"NA","NA"
e32-1-4-1-C4,5.647105732093021,9.909903623,0.5698446672061062,1,24,5,12,0.12,7.2,90,750,Centerpoint,1,4,12.7,2.2799999999999998,6.63,Round,2.5,0.1,Aeraseal,460,30,48,0.01,16,2.5000000000000001E-2,"NA","NA","NA","NA",e32,7,1,1,C,4,C4,15,2017-10-24T00:00:00Z,2017-10-18T00:00:00Z,"NA","NA"
e37-15-1-1-C7,5.312275161838066,9.1072884455,0.5832993204978496,1,24,5,12,0.12,7.2,90,750,Centerpoint,15,1,12.7,2.2799999999999998,6.63,Round,2.5,0.1,Aeraseal,460,30,48,0.01,16,2.5000000000000001E-2,"NA","NA","NA","NA",e37,14,1,1,C,7,C7,21,2017-10-31T00:00:00Z,2017-10-18T00:00:00Z,"NA",wildtype
e37-15-2-1-F5,5.429889196827304,9.251692013,0.5869076909604757,1,24,5,12,0.12,7.2,90,750,Centerpoint,15,2,12.7,2.2799999999999998,6.63,Round,2.5,0.1,Aeraseal,460,30,48,0.01,16,2.5000000000000001E-2,"NA","NA","NA","NA",e37,36,1,1,F,5,F5,21,2017-10-31T00:00:00Z,2017-10-18T00:00:00Z,"NA",wildtype
e37-15-3-1-F7,5.108029211423815,8.7043017455,0.5868396295044105,1,24,5,12,0.12,7.2,90,750,Centerpoint,15,4,12.7,2.2799999999999998,6.63,Round,2.5,0.1,Aeraseal,460,30,48,0.01,16,2.5000000000000001E-2,"NA","NA","NA","NA",e37,38,1,1,F,7,F7,21,2017-10-31T00:00:00Z,2017-10-18T00:00:00Z,"NA",wildtype
e37-15-4-1-B7,5.163443356496747,8.8050484205,0.5864185078727298,1,24,5,12,0.12,7.2,90,750,Centerpoint,15,3,12.7,2.2799999999999998,6.63,Round,2.5,0.1,Aeraseal,460,30,48,0.01,16,2.5000000000000001E-2,"NA","NA","NA","NA",e37,6,1,1,B,7,B7,21,2017-10-31T00:00:00Z,2017-10-18T00:00:00Z,"NA",wildtype
e38-1-1-1-B3,5.482547216181731,9.291990683,0.5900293492773545,1,24,5,12,0.12,7.2,90,750,Centerpoint,1,1,12.7,2.2799999999999998,6.63,Round,2.5,0.1,Aeraseal,460,30,48,0.01,16,2.5000000000000001E-2,"NA","NA","NA","NA",e38,2,1,1,B,3,B3,15,2017-11-04T00:00:00Z,2017-10-18T00:00:00Z,"NA","NA"
e38-1-2-1-C2,6.4610103696870205,9.157661783,0.7055305735008733,1,24,5,12,0.12,7.2,90,750,Centerpoint,1,2,12.7,2.2799999999999998,6.63,Round,2.5,0.1,Aeraseal,460,30,48,0.01,16,2.5000000000000001E-2,"NA","NA","NA","NA",e38,5,1,1,C,2,C2,15,2017-11-04T00:00:00Z,2017-10-18T00:00:00Z,"NA","NA"
e38-1-3-1-C3,6.116907943450544,9.5505738155,0.6404754375620001,1,24,5,12,0.12,7.2,90,750,Centerpoint,1,3,12.7,2.2799999999999998,6.63,Round,2.5,0.1,Aeraseal,460,30,48,0.01,16,2.5000000000000001E-2,"NA","NA","NA","NA",e38,6,1,1,C,3,C3,15,2017-11-04T00:00:00Z,2017-10-18T00:00:00Z,"NA","NA"
e38-1-4-1-C5,6.0721265353221385,10.064381858,0.6033283137498913,1,24,5,12,0.12,7.2,90,750,Centerpoint,1,4,12.7,2.2799999999999998,6.63,Round,2.5,0.1,Aeraseal,460,30,48,0.01,16,2.5000000000000001E-2,"NA","NA","NA","NA",e38,8,1,1,C,5,C5,15,2017-11-04T00:00:00Z,2017-10-18T00:00:00Z,"NA","NA"
e44-1-C3,6.121321476594483,9.0938555555,0.6731271944266021,1,24,5,12,0.12,7.2,90,750,Centerpoint,"NA",1,12.7,2.2799999999999998,6.57,Round,2.5,0.1,Aeraseal,460,30,48,0.01,16,2.5000000000000001E-2,"NA","NA","NA","NA",e44,1,1,1,C,3,C3,16,2018-01-17T00:00:00Z,2018-01-11T00:00:00Z,"NA","NA"
e44-1-C4,7.230011847803473,9.735276053,0.74266120533639,1,24,5,12,0.12,7.2,90,750,Centerpoint,"NA",2,12.7,2.2799999999999998,6.57,Round,2.5,0.1,Aeraseal,460,30,48,0.01,16,2.5000000000000001E-2,"NA","NA","NA","NA",e44,2,1,1,C,4,C4,16,2018-01-17T00:00:00Z,2018-01-11T00:00:00Z,"NA","NA"
e44-1-D4,6.443120586323402,9.4901258105,0.6789288904046613,1,24,5,12,0.12,7.2,90,750,Centerpoint,"NA",3,12.7,2.2799999999999998,6.57,Round,2.5,0.1,Aeraseal,460,30,48,0.01,16,2.5000000000000001E-2,"NA","NA","NA","NA",e44,6,1,1,D,4,D4,16,2018-01-17T00:00:00Z,2018-01-11T00:00:00Z,"NA","NA"
e44-1-D5,5.8398902418500285,10.1013223055,0.5781312649206636,1,24,5,12,0.12,7.2,90,750,Centerpoint,"NA",4,12.7,2.2799999999999998,6.57,Round,2.5,0.1,Aeraseal,460,30,48,0.01,16,2.5000000000000001E-2,"NA","NA","NA","NA",e44,7,1,1,D,5,D5,16,2018-01-17T00:00:00Z,2018-01-11T00:00:00Z,"NA","NA"
e45-1-E4,5.2240123508696925,9.070347998,0.5759439827470324,1,24,5,12,0.12,7.2,90,750,Centerpoint,33,1,12.7,2.2799999999999998,6.57,Round,2.5,0.1,Aeraseal,460,30,48,0.01,16,2.5000000000000001E-2,"NA","NA","NA","NA",e45,27,1,8,E,4,E4,17,2018-01-23T00:00:00Z,2018-01-11T00:00:00Z,"NA","NA"
e45-1-F5,5.03421961761905,9.909903623,0.5079988473283511,1,24,5,12,0.12,7.2,90,750,Centerpoint,34,2,12.7,2.2799999999999998,6.57,Round,2.5,0.1,Aeraseal,460,30,48,0.01,16,2.5000000000000001E-2,"NA","NA","NA","NA",e45,36,1,8,F,5,F5,17,2018-01-23T00:00:00Z,2018-01-11T00:00:00Z,"NA","NA"
e45-1-E6,4.916134281054095,8.835272423,0.5564213581299886,1,24,5,12,0.12,7.2,90,750,Centerpoint,35,3,12.7,2.2799999999999998,6.57,Round,2.5,0.1,Aeraseal,460,30,48,0.01,16,2.5000000000000001E-2,"NA","NA","NA","NA",e45,29,1,8,E,6,E6,17,2018-01-23T00:00:00Z,2018-01-11T00:00:00Z,"NA","NA"
e45-1-B9,5.338721996909209,8.986392435499999,0.5940895676688934,1,24,5,12,0.12,7.2,90,750,Centerpoint,36,4,12.7,2.2799999999999998,6.57,Round,2.5,0.1,Aeraseal,460,30,48,0.01,16,2.5000000000000001E-2,"NA","NA","NA","NA",e45,8,1,8,B,9,B9,17,2018-01-23T00:00:00Z,2018-01-11T00:00:00Z,"NA","NA"
e46-1-D6,5.991504684791927,9.9065454005,0.6048026272094331,1,24,5,12,0.12,7.2,90,750,Centerpoint,1,1,12.7,2.2799999999999998,6.57,Round,2.5,0.1,Aeraseal,460,30,48,0.01,16,2.5000000000000001E-2,"NA","NA","NA","NA",e46,8,1,1,D,6,D6,16,2018-01-24T00:00:00Z,2018-01-11T00:00:00Z,"NA","NA"
e46-1-D4,5.901584466398119,9.641245823000002,0.6121184517792704,1,24,5,12,0.12,7.2,90,750,Centerpoint,2,2,12.7,2.2799999999999998,6.57,Round,2.5,0.1,Aeraseal,460,30,48,0.01,16,2.5000000000000001E-2,"NA","NA","NA","NA",e46,6,1,1,D,4,D4,16,2018-01-24T00:00:00Z,2018-01-11T00:00:00Z,"NA","NA"
e46-1-C6,5.39950013018794,9.547215592999999,0.5655575782898254,1,24,5,12,0.12,7.2,90,750,Centerpoint,3,3,12.7,2.2799999999999998,6.57,Round,2.5,0.1,Aeraseal,460,30,48,0.01,16,2.5000000000000001E-2,"NA","NA","NA","NA",e46,4,1,1,C,6,C6,16,2018-01-24T00:00:00Z,2018-01-11T00:00:00Z,"NA","NA"
e46-1-D3,5.921724710112029,9.0737062205,0.6526246900889543,1,24,5,12,0.12,7.2,90,750,Centerpoint,4,4,12.7,2.2799999999999998,6.57,Round,2.5,0.1,Aeraseal,460,30,48,0.01,16,2.5000000000000001E-2,"NA","NA","NA","NA",e46,5,1,1,D,3,D3,16,2018-01-24T00:00:00Z,2018-01-11T00:00:00Z,"NA","NA"
e47-1-C5,5.838111083075452,9.795724058000001,0.5959856615507219,1,24,5,12,0.12,7.2,90,750,Centerpoint,1,1,12.7,2.2799999999999998,6.57,Round,2.5,0.1,Aeraseal,460,30,48,0.01,16,2.5000000000000001E-2,"NA","NA","NA","NA",e47,3,1,1,C,5,C5,16,2018-01-31T00:00:00Z,2018-01-23T00:00:00Z,"NA","NA"
e47-1-C4,5.351901720666458,9.668111603,0.5535622612181856,1,24,5,12,0.12,7.2,90,750,Centerpoint,2,2,12.7,2.2799999999999998,6.57,Round,2.5,0.1,Aeraseal,460,30,48,0.01,16,2.5000000000000001E-2,"NA","NA","NA","NA",e47,2,1,1,C,4,C4,16,2018-01-31T00:00:00Z,2018-01-23T00:00:00Z,"NA","NA"
e47-1-D4,5.9333344140004884,9.406170248,0.6307917311258608,1,24,5,12,0.12,7.2,90,750,Centerpoint,3,3,12.7,2.2799999999999998,6.57,Round,2.5,0.1,Aeraseal,460,30,48,0.01,16,2.5000000000000001E-2,"NA","NA","NA","NA",e47,6,1,1,D,4,D4,16,2018-01-31T00:00:00Z,2018-01-23T00:00:00Z,"NA","NA"
e47-1-D3,5.989193348767065,9.070347998,0.6603046928395331,1,24,5,12,0.12,7.2,90,750,Centerpoint,4,4,12.7,2.2799999999999998,6.57,Round,2.5,0.1,Aeraseal,460,30,48,0.01,16,2.5000000000000001E-2,"NA","NA","NA","NA",e47,5,1,1,D,3,D3,16,2018-01-31T00:00:00Z,2018-01-23T00:00:00Z,"NA","NA"
e48-1-D6,5.965145237277429,9.728559608000001,0.6131581115432714,1,24,5,12,0.12,7.2,90,750,Centerpoint,1,1,12.7,2.2799999999999998,6.57,Round,2.5,0.1,Aeraseal,460,30,48,0.01,16,2.5000000000000001E-2,"NA","NA","NA","NA",e48,8,1,1,D,6,D6,20,2018-02-03T00:00:00Z,2018-01-23T00:00:00Z,"NA","NA"
e48-1-C4,5.83900066246274,10.144979198000001,0.575555705783394,1,24,5,12,0.12,7.2,90,750,Centerpoint,2,2,12.7,2.2799999999999998,6.57,Round,2.5,0.1,Aeraseal,460,30,48,0.01,16,2.5000000000000001E-2,"NA","NA","NA","NA",e48,2,1,1,C,4,C4,20,2018-02-03T00:00:00Z,2018-01-23T00:00:00Z,"NA","NA"
e48-1-C6,5.808375945035517,9.688260938,0.5995271991749813,1,24,5,12,0.12,7.2,90,750,Centerpoint,3,3,12.7,2.2799999999999998,6.57,Round,2.5,0.1,Aeraseal,460,30,48,0.01,16,2.5000000000000001E-2,"NA","NA","NA","NA",e48,4,1,1,C,6,C6,20,2018-02-03T00:00:00Z,2018-01-23T00:00:00Z,"NA","NA"
e48-1-C3,5.463296551855109,10.212143648000001,0.5349803861136508,1,24,5,12,0.12,7.2,90,750,Centerpoint,4,4,12.7,2.2799999999999998,6.57,Round,2.5,0.1,Aeraseal,460,30,48,0.01,16,2.5000000000000001E-2,"NA","NA","NA","NA",e48,1,1,1,C,3,C3,20,2018-02-03T00:00:00Z,2018-01-23T00:00:00Z,"NA","NA"
